symbol,date,close,high,low,open,volume,adjClose,adjHigh,adjLow,adjOpen,adjVolume,divCash,splitFactor
TSLA,2018-07-02 00:00:00+00:00,335.07,364.78,329.85,360.07,18759765,22.338,24.3186666667,21.99,24.0046666667,281396475,0.0,1.0
TSLA,2018-07-03 00:00:00+00:00,310.86,332.49,309.69,331.75,12282638,20.724,22.166,20.646,22.1166666667,184239570,0.0,1.0
TSLA,2018-07-05 00:00:00+00:00,309.16,314.39,296.22,313.76,17476374,20.6106666667,20.9593333333,19.748,20.9173333333,262145610,0.0,1.0
TSLA,2018-07-06 00:00:00+00:00,308.9,312.07,302.0,304.95,8865451,20.5933333333,20.8046666667,20.1333333333,20.33,132981765,0.0,1.0
TSLA,2018-07-09 00:00:00+00:00,318.51,318.52,308.0,311.99,7596753,21.234,21.2346666667,20.5333333333,20.7993333333,113951295,0.0,1.0
TSLA,2018-07-10 00:00:00+00:00,322.47,327.68,319.2,324.56,9471498,21.498,21.8453333333,21.28,21.6373333333,142072470,0.0,1.0
TSLA,2018-07-11 00:00:00+00:00,318.96,321.94,315.07,315.8,4884076,21.264,21.4626666667,21.0046666667,21.0533333333,73261140,0.0,1.0
TSLA,2018-07-12 00:00:00+00:00,316.71,323.23,312.77,321.43,5721166,21.114,21.5486666667,20.8513333333,21.4286666667,85817490,0.0,1.0
TSLA,2018-07-13 00:00:00+00:00,318.87,319.58,309.25,315.58,5875770,21.258,21.3053333333,20.6166666667,21.0386666667,88136550,0.0,1.0
TSLA,2018-07-16 00:00:00+00:00,310.1,315.16,306.25,311.71,7818655,20.6733333333,21.0106666667,20.4166666667,20.7806666667,117279825,0.0,1.0
TSLA,2018-07-17 00:00:00+00:00,322.69,324.74,308.5,308.81,6996232,21.5126666667,21.6493333333,20.5666666667,20.5873333333,104943480,0.0,1.0
TSLA,2018-07-18 00:00:00+00:00,323.85,325.5,316.25,325.0,5624211,21.59,21.7,21.0833333333,21.6666666667,84363165,0.0,1.0
TSLA,2018-07-19 00:00:00+00:00,320.23,323.54,314.01,316.33,5915345,21.3486666667,21.5693333333,20.934,21.0886666667,88730175,0.0,1.0
TSLA,2018-07-20 00:00:00+00:00,313.58,323.24,311.71,321.23,5166547,20.9053333333,21.5493333333,20.7806666667,21.4153333333,77498205,0.0,1.0
TSLA,2018-07-23 00:00:00+00:00,303.2,305.5,292.86,301.84,10992947,20.2133333333,20.3666666667,19.524,20.1226666667,164894205,0.0,1.0
TSLA,2018-07-24 00:00:00+00:00,297.43,307.72,292.55,304.42,9590784,19.8286666667,20.5146666667,19.5033333333,20.2946666667,143861760,0.0,1.0
TSLA,2018-07-25 00:00:00+00:00,308.74,309.62,294.5,296.74,7094180,20.5826666667,20.6413333333,19.6333333333,19.7826666667,106412700,0.0,1.0
TSLA,2018-07-26 00:00:00+00:00,306.65,310.7,303.64,304.85,4630522,20.4433333333,20.7133333333,20.2426666667,20.3233333333,69457830,0.0,1.0
TSLA,2018-07-27 00:00:00+00:00,297.18,307.69,295.34,307.25,5703326,19.812,20.5126666667,19.6893333333,20.4833333333,85549890,0.0,1.0
TSLA,2018-07-30 00:00:00+00:00,290.17,296.1,286.13,295.9,6814072,19.3446666667,19.74,19.0753333333,19.7266666667,102211080,0.0,1.0
TSLA,2018-07-31 00:00:00+00:00,298.14,298.32,289.07,292.25,5076916,19.876,19.888,19.2713333333,19.4833333333,76153740,0.0,1.0
TSLA,2018-08-01 00:00:00+00:00,300.84,303.0,293.0,297.99,10129430,20.056,20.2,19.5333333333,19.866,151941450,0.0,1.0
TSLA,2018-08-02 00:00:00+00:00,349.54,349.99,323.16,328.44,23214962,23.3026666667,23.3326666667,21.544,21.896,348224430,0.0,1.0
TSLA,2018-08-03 00:00:00+00:00,348.17,355.0,342.53,347.81,13656486,23.2113333333,23.6666666667,22.8353333333,23.1873333333,204847290,0.0,1.0
TSLA,2018-08-06 00:00:00+00:00,341.99,354.98,341.82,345.46,8564331,22.7993333333,23.6653333333,22.788,23.0306666667,128464965,0.0,1.0
TSLA,2018-08-07 00:00:00+00:00,379.57,387.46,339.15,343.84,30875768,25.3046666667,25.8306666667,22.61,22.9226666667,463136520,0.0,1.0
TSLA,2018-08-08 00:00:00+00:00,370.34,382.64,367.12,369.09,24571163,24.6893333333,25.5093333333,24.4746666667,24.606,368567445,0.0,1.0
TSLA,2018-08-09 00:00:00+00:00,352.45,367.01,345.73,365.55,17183811,23.4966666667,24.4673333333,23.0486666667,24.37,257757165,0.0,1.0
TSLA,2018-08-10 00:00:00+00:00,355.49,360.0,346.0,354.0,11552044,23.6993333333,24.0,23.0666666667,23.6,173280660,0.0,1.0
TSLA,2018-08-13 00:00:00+00:00,356.41,363.19,349.02,361.13,10463881,23.7606666667,24.2126666667,23.268,24.0753333333,156958215,0.0,1.0
TSLA,2018-08-14 00:00:00+00:00,347.64,359.2,347.1,358.45,6986427,23.176,23.9466666667,23.14,23.8966666667,104796405,0.0,1.0
TSLA,2018-08-15 00:00:00+00:00,338.69,344.49,332.14,341.91,9101258,22.5793333333,22.966,22.1426666667,22.794,136518870,0.0,1.0
TSLA,2018-08-16 00:00:00+00:00,335.45,342.28,333.82,339.91,6064033,22.3633333333,22.8186666667,22.2546666667,22.6606666667,90960495,0.0,1.0
TSLA,2018-08-17 00:00:00+00:00,305.5,326.77,303.53,323.5,18958612,20.3666666667,21.7846666667,20.2353333333,21.5666666667,284379180,0.0,1.0
TSLA,2018-08-20 00:00:00+00:00,308.44,308.5,288.2,291.7,17402335,20.5626666667,20.5666666667,19.2133333333,19.4466666667,261035025,0.0,1.0
TSLA,2018-08-21 00:00:00+00:00,321.9,324.79,309.0,310.61,13172230,21.46,21.6526666667,20.6,20.7073333333,197583450,0.0,1.0
TSLA,2018-08-22 00:00:00+00:00,321.64,323.88,314.67,320.87,5945955,21.4426666667,21.592,20.978,21.3913333333,89189325,0.0,1.0
TSLA,2018-08-23 00:00:00+00:00,320.1,327.32,318.1,319.14,5147286,21.34,21.8213333333,21.2066666667,21.276,77209290,0.0,1.0
TSLA,2018-08-24 00:00:00+00:00,322.82,323.85,319.4,320.7,3602564,21.5213333333,21.59,21.2933333333,21.38,54038460,0.0,1.0
TSLA,2018-08-27 00:00:00+00:00,319.27,322.44,308.81,318.0,13079288,21.2846666667,21.496,20.5873333333,21.2,196189320,0.0,1.0
TSLA,2018-08-28 00:00:00+00:00,311.86,318.88,311.19,318.41,7649091,20.7906666667,21.2586666667,20.746,21.2273333333,114736365,0.0,1.0
TSLA,2018-08-29 00:00:00+00:00,305.01,311.85,303.69,310.27,7447392,20.334,20.79,20.246,20.6846666667,111710880,0.0,1.0
TSLA,2018-08-30 00:00:00+00:00,303.15,304.6,297.72,302.26,7216706,20.21,20.3066666667,19.848,20.1506666667,108250590,0.0,1.0
TSLA,2018-08-31 00:00:00+00:00,301.66,305.31,298.6,302.0,5375104,20.1106666667,20.354,19.9066666667,20.1333333333,80626560,0.0,1.0
TSLA,2018-09-04 00:00:00+00:00,288.95,298.19,288.0,296.94,8350469,19.2633333333,19.8793333333,19.2,19.796,125257035,0.0,1.0
TSLA,2018-09-05 00:00:00+00:00,280.74,286.78,277.18,285.05,7720821,18.716,19.1186666667,18.4786666667,19.0033333333,115812315,0.0,1.0
TSLA,2018-09-06 00:00:00+00:00,280.95,291.17,278.88,284.8,7480760,18.73,19.4113333333,18.592,18.9866666667,112211400,0.0,1.0
TSLA,2018-09-07 00:00:00+00:00,263.24,268.35,252.25,260.1,22491931,17.5493333333,17.89,16.8166666667,17.34,337378965,0.0,1.0
TSLA,2018-09-10 00:00:00+00:00,285.5,286.03,271.0,273.26,14283528,19.0333333333,19.0686666667,18.0666666667,18.2173333333,214252920,0.0,1.0
TSLA,2018-09-11 00:00:00+00:00,279.44,282.0,273.55,279.47,9169989,18.6293333333,18.8,18.2366666667,18.6313333333,137549835,0.0,1.0
TSLA,2018-09-12 00:00:00+00:00,290.54,292.5,278.65,281.44,10015427,19.3693333333,19.5,18.5766666667,18.7626666667,150231405,0.0,1.0
TSLA,2018-09-13 00:00:00+00:00,289.46,295.0,285.18,288.02,6340336,19.2973333333,19.6666666667,19.012,19.2013333333,95105040,0.0,1.0
TSLA,2018-09-14 00:00:00+00:00,295.2,297.33,286.52,288.76,6765612,19.68,19.822,19.1013333333,19.2506666667,101484180,0.0,1.0
TSLA,2018-09-17 00:00:00+00:00,294.84,300.87,288.13,290.04,6887577,19.656,20.058,19.2086666667,19.336,103313655,0.0,1.0
TSLA,2018-09-18 00:00:00+00:00,284.96,302.64,275.5,296.69,16547522,18.9973333333,20.176,18.3666666667,19.7793333333,248212830,0.0,1.0
TSLA,2018-09-19 00:00:00+00:00,299.02,300.0,280.5,280.51,8294917,19.9346666667,20.0,18.7,18.7006666667,124423755,0.0,1.0
TSLA,2018-09-20 00:00:00+00:00,298.33,305.98,293.33,303.56,7349422,19.8886666667,20.3986666667,19.5553333333,20.2373333333,110241330,0.0,1.0
TSLA,2018-09-21 00:00:00+00:00,299.1,300.58,295.37,297.7,5050478,19.94,20.0386666667,19.6913333333,19.8466666667,75757170,0.0,1.0
TSLA,2018-09-24 00:00:00+00:00,299.68,303.0,293.58,298.48,4842961,19.9786666667,20.2,19.572,19.8986666667,72644415,0.0,1.0
TSLA,2018-09-25 00:00:00+00:00,300.99,304.6,296.5,300.0,4481729,20.066,20.3066666667,19.7666666667,20.0,67225935,0.0,1.0
TSLA,2018-09-26 00:00:00+00:00,309.58,313.89,301.11,301.91,7843216,20.6386666667,20.926,20.074,20.1273333333,117648240,0.0,1.0
TSLA,2018-09-27 00:00:00+00:00,307.52,314.96,306.91,312.9,8509084,20.5013333333,20.9973333333,20.4606666667,20.86,127636260,0.0,1.0
TSLA,2018-09-28 00:00:00+00:00,264.77,278.0,260.56,270.26,33649700,17.6513333333,18.5333333333,17.3706666667,18.0173333333,504745500,0.0,1.0
TSLA,2018-10-01 00:00:00+00:00,310.7,311.44,301.05,305.77,21777597,20.7133333333,20.7626666667,20.07,20.3846666667,326663955,0.0,1.0
TSLA,2018-10-02 00:00:00+00:00,301.02,316.84,299.15,313.95,11743511,20.068,21.1226666667,19.9433333333,20.93,176152665,0.0,1.0
TSLA,2018-10-03 00:00:00+00:00,294.8,304.6,291.57,303.33,7994988,19.6533333333,20.3066666667,19.438,20.222,119924820,0.0,1.0
TSLA,2018-10-04 00:00:00+00:00,281.83,294.0,277.67,293.95,9814212,18.7886666667,19.6,18.5113333333,19.5966666667,147213180,0.0,1.0
TSLA,2018-10-05 00:00:00+00:00,261.95,274.88,260.0,274.65,17944537,17.4633333333,18.3253333333,17.3333333333,18.31,269168055,0.0,1.0
TSLA,2018-10-08 00:00:00+00:00,250.56,267.76,249.0,264.52,13472653,16.704,17.8506666667,16.6,17.6346666667,202089795,0.0,1.0
TSLA,2018-10-09 00:00:00+00:00,262.8,266.77,253.3,255.25,12060574,17.52,17.7846666667,16.8866666667,17.0166666667,180908610,0.0,1.0
TSLA,2018-10-10 00:00:00+00:00,256.88,265.51,247.77,264.61,12815278,17.1253333333,17.7006666667,16.518,17.6406666667,192229170,0.0,1.0
TSLA,2018-10-11 00:00:00+00:00,252.23,262.25,249.03,257.53,8167738,16.8153333333,17.4833333333,16.602,17.1686666667,122516070,0.0,1.0
TSLA,2018-10-12 00:00:00+00:00,258.78,261.99,252.01,261.0,7201404,17.252,17.466,16.8006666667,17.4,108021060,0.0,1.0
TSLA,2018-10-15 00:00:00+00:00,259.59,263.28,254.54,259.06,6199965,17.306,17.552,16.9693333333,17.2706666667,92999475,0.0,1.0
TSLA,2018-10-16 00:00:00+00:00,276.59,277.38,262.24,265.7,9526401,18.4393333333,18.492,17.4826666667,17.7133333333,142896015,0.0,1.0
TSLA,2018-10-17 00:00:00+00:00,271.78,282.7,265.8,282.4,8655542,18.1186666667,18.8466666667,17.72,18.8266666667,129833130,0.0,1.0
TSLA,2018-10-18 00:00:00+00:00,263.91,271.0,263.0,269.29,5421184,17.594,18.0666666667,17.5333333333,17.9526666667,81317760,0.0,1.0
TSLA,2018-10-19 00:00:00+00:00,260.0,269.66,253.5,267.39,9375549,17.3333333333,17.9773333333,16.9,17.826,140633235,0.0,1.0
TSLA,2018-10-22 00:00:00+00:00,260.95,261.86,252.59,260.68,5600260,17.3966666667,17.4573333333,16.8393333333,17.3786666667,84003900,0.0,1.0
TSLA,2018-10-23 00:00:00+00:00,294.14,297.93,262.1,263.87,19027753,19.6093333333,19.862,17.4733333333,17.5913333333,285416295,0.0,1.0
TSLA,2018-10-24 00:00:00+00:00,288.5,304.44,285.73,301.05,20058258,19.2333333333,20.296,19.0486666667,20.07,300873870,0.0,1.0
TSLA,2018-10-25 00:00:00+00:00,314.86,321.0,301.01,317.22,20840724,20.9906666667,21.4,20.0673333333,21.148,312610860,0.0,1.0
TSLA,2018-10-26 00:00:00+00:00,330.9,339.9,306.65,308.25,27425520,22.06,22.66,20.4433333333,20.55,411382800,0.0,1.0
TSLA,2018-10-29 00:00:00+00:00,334.85,347.16,326.5,337.47,14486027,22.3233333333,23.144,21.7666666667,22.498,217290405,0.0,1.0
TSLA,2018-10-30 00:00:00+00:00,329.9,337.9,322.26,328.39,9126704,21.9933333333,22.5266666667,21.484,21.8926666667,136900560,0.0,1.0
TSLA,2018-10-31 00:00:00+00:00,337.32,342.0,329.1,332.54,7624348,22.488,22.8,21.94,22.1693333333,114365220,0.0,1.0
TSLA,2018-11-01 00:00:00+00:00,344.28,347.84,334.73,338.26,8000132,22.952,23.1893333333,22.3153333333,22.5506666667,120001980,0.0,1.0
TSLA,2018-11-02 00:00:00+00:00,346.41,349.2,340.91,343.74,7807971,23.094,23.28,22.7273333333,22.916,117119565,0.0,1.0
TSLA,2018-11-05 00:00:00+00:00,341.4,343.96,330.14,340.5,7831048,22.76,22.9306666667,22.0093333333,22.7,117465720,0.0,1.0
TSLA,2018-11-06 00:00:00+00:00,341.06,348.8,336.09,339.07,6762889,22.7373333333,23.2533333333,22.406,22.6046666667,101443335,0.0,1.0
TSLA,2018-11-07 00:00:00+00:00,348.16,351.18,340.8,343.34,7374522,23.2106666667,23.412,22.72,22.8893333333,110617830,0.0,1.0
TSLA,2018-11-08 00:00:00+00:00,351.4,357.58,348.44,348.5,7090674,23.4266666667,23.8386666667,23.2293333333,23.2333333333,106360110,0.0,1.0
TSLA,2018-11-09 00:00:00+00:00,350.51,354.0,345.23,349.0,5098846,23.3673333333,23.6,23.0153333333,23.2666666667,76482690,0.0,1.0
TSLA,2018-11-12 00:00:00+00:00,331.28,349.78,330.34,348.37,6941523,22.0853333333,23.3186666667,22.0226666667,23.2246666667,104122845,0.0,1.0
TSLA,2018-11-13 00:00:00+00:00,338.73,344.7,332.2,333.16,5448597,22.582,22.98,22.1466666667,22.2106666667,81728955,0.0,1.0
TSLA,2018-11-14 00:00:00+00:00,344.0,347.11,337.15,342.7,5040287,22.9333333333,23.1406666667,22.4766666667,22.8466666667,75604305,0.0,1.0
TSLA,2018-11-15 00:00:00+00:00,348.44,348.58,339.04,342.33,4625719,23.2293333333,23.2386666667,22.6026666667,22.822,69385785,0.0,1.0
TSLA,2018-11-16 00:00:00+00:00,354.31,355.7,345.12,345.19,7206191,23.6206666667,23.7133333333,23.008,23.0126666667,108092865,0.0,1.0
TSLA,2018-11-19 00:00:00+00:00,353.47,366.75,352.88,356.34,9708871,23.5646666667,24.45,23.5253333333,23.756,145633065,0.0,1.0
TSLA,2018-11-20 00:00:00+00:00,347.49,349.8,333.55,341.75,8004709,23.166,23.32,22.2366666667,22.7833333333,120070635,0.0,1.0
TSLA,2018-11-21 00:00:00+00:00,338.19,353.1,337.4,352.0,4686808,22.546,23.54,22.4933333333,23.4666666667,70302120,0.0,1.0
TSLA,2018-11-23 00:00:00+00:00,325.83,337.5,325.55,334.345,4202642,21.722,22.5,21.7033333333,22.2896666667,63039630,0.0,1.0
TSLA,2018-11-26 00:00:00+00:00,346.0,346.22,325.0,325.0,7992141,23.0666666667,23.0813333333,21.6666666667,21.6666666667,119882115,0.0,1.0
TSLA,2018-11-27 00:00:00+00:00,343.92,346.96,335.5,340.05,6358300,22.928,23.1306666667,22.3666666667,22.67,95374500,0.0,1.0
TSLA,2018-11-28 00:00:00+00:00,347.87,348.28,342.21,345.99,4127578,23.1913333333,23.2186666667,22.814,23.066,61913670,0.0,1.0
TSLA,2018-11-29 00:00:00+00:00,341.17,347.5,339.55,347.0,3080724,22.7446666667,23.1666666667,22.6366666667,23.1333333333,46210860,0.0,1.0
TSLA,2018-11-30 00:00:00+00:00,350.48,351.6,338.26,341.83,5628895,23.3653333333,23.44,22.5506666667,22.7886666667,84433425,0.0,1.0
TSLA,2018-12-03 00:00:00+00:00,358.49,366.0,352.0,360.0,8306511,23.8993333333,24.4,23.4666666667,24.0,124597665,0.0,1.0
TSLA,2018-12-04 00:00:00+00:00,359.7,368.68,352.0,356.05,8461945,23.98,24.5786666667,23.4666666667,23.7366666667,126929175,0.0,1.0
TSLA,2018-12-06 00:00:00+00:00,363.06,367.38,350.76,356.01,7842508,24.204,24.492,23.384,23.734,117637620,0.0,1.0
TSLA,2018-12-07 00:00:00+00:00,357.97,379.49,357.65,369.0,11511177,23.8646666667,25.2993333333,23.8433333333,24.6,172667655,0.0,1.0
TSLA,2018-12-10 00:00:00+00:00,365.15,365.98,353.12,360.0,6613455,24.3433333333,24.3986666667,23.5413333333,24.0,99201825,0.0,1.0
TSLA,2018-12-11 00:00:00+00:00,366.76,372.17,360.23,369.91,6308769,24.4506666667,24.8113333333,24.0153333333,24.6606666667,94631535,0.0,1.0
TSLA,2018-12-12 00:00:00+00:00,366.6,371.91,365.16,369.42,5027048,24.44,24.794,24.344,24.628,75405720,0.0,1.0
TSLA,2018-12-13 00:00:00+00:00,376.79,377.44,366.75,370.15,7365854,25.1193333333,25.1626666667,24.45,24.6766666667,110487810,0.0,1.0
TSLA,2018-12-14 00:00:00+00:00,365.71,377.87,364.33,375.0,6337555,24.3806666667,25.1913333333,24.2886666667,25.0,95063325,0.0,1.0
TSLA,2018-12-17 00:00:00+00:00,348.42,365.7,343.88,362.0,7674008,23.228,24.38,22.9253333333,24.1333333333,115110120,0.0,1.0
TSLA,2018-12-18 00:00:00+00:00,337.03,351.55,333.69,350.54,7099999,22.4686666667,23.4366666667,22.246,23.3693333333,106499985,0.0,1.0
TSLA,2018-12-19 00:00:00+00:00,332.97,347.01,329.74,337.6,8274181,22.198,23.134,21.9826666667,22.5066666667,124112715,0.0,1.0
TSLA,2018-12-20 00:00:00+00:00,315.38,330.29,311.87,327.05,9071858,21.0253333333,22.0193333333,20.7913333333,21.8033333333,136077870,0.0,1.0
TSLA,2018-12-21 00:00:00+00:00,319.77,323.47,312.44,317.4,8016801,21.318,21.5646666667,20.8293333333,21.16,120252015,0.0,1.0
TSLA,2018-12-24 00:00:00+00:00,295.39,314.5,295.2,313.5,5559913,19.6926666667,20.9666666667,19.68,20.9,83398695,0.0,1.0
TSLA,2018-12-26 00:00:00+00:00,326.09,326.97,294.09,300.0,8163138,21.7393333333,21.798,19.606,20.0,122447070,0.0,1.0
TSLA,2018-12-27 00:00:00+00:00,316.13,322.17,301.5,319.84,8575133,21.0753333333,21.478,20.1,21.3226666667,128626995,0.0,1.0
TSLA,2018-12-28 00:00:00+00:00,333.87,336.24,318.41,323.1,9938992,22.258,22.416,21.2273333333,21.54,149084880,0.0,1.0
TSLA,2018-12-31 00:00:00+00:00,332.8,339.21,325.26,337.79,6302338,22.1866666667,22.614,21.684,22.5193333333,94535070,0.0,1.0
TSLA,2019-01-02 00:00:00+00:00,310.12,315.13,298.8,306.1,11658648,20.6746666667,21.0086666667,19.92,20.4066666667,174879720,0.0,1.0
TSLA,2019-01-03 00:00:00+00:00,300.36,309.4,297.38,307.0,6965184,20.024,20.6266666667,19.8253333333,20.4666666667,104477760,0.0,1.0
TSLA,2019-01-04 00:00:00+00:00,317.69,318.0,302.73,306.0,7394116,21.1793333333,21.2,20.182,20.4,110911740,0.0,1.0
TSLA,2019-01-07 00:00:00+00:00,334.96,336.74,317.75,321.72,7551225,22.3306666667,22.4493333333,21.1833333333,21.448,113268375,0.0,1.0
TSLA,2019-01-08 00:00:00+00:00,335.35,344.01,327.02,341.96,7008516,22.3566666667,22.934,21.8013333333,22.7973333333,105127740,0.0,1.0
TSLA,2019-01-09 00:00:00+00:00,338.53,343.5,331.47,335.5,5432945,22.5686666667,22.9,22.098,22.3666666667,81494175,0.0,1.0
TSLA,2019-01-10 00:00:00+00:00,344.97,345.39,331.79,334.4,6056354,22.998,23.026,22.1193333333,22.2933333333,90845310,0.0,1.0
TSLA,2019-01-11 00:00:00+00:00,347.26,348.41,338.77,342.09,5039052,23.1506666667,23.2273333333,22.5846666667,22.806,75585780,0.0,1.0
TSLA,2019-01-14 00:00:00+00:00,334.4,342.5,334.0,342.38,5247284,22.2933333333,22.8333333333,22.2666666667,22.8253333333,78709260,0.0,1.0
TSLA,2019-01-15 00:00:00+00:00,344.43,348.8,334.5,335.0,6056590,22.962,23.2533333333,22.3,22.3333333333,90848850,0.0,1.0
TSLA,2019-01-16 00:00:00+00:00,346.05,352.0,343.5,344.78,4691739,23.07,23.4666666667,22.9,22.9853333333,70376085,0.0,1.0
TSLA,2019-01-17 00:00:00+00:00,347.31,351.5,344.15,346.21,3676733,23.154,23.4333333333,22.9433333333,23.0806666667,55150995,0.0,1.0
TSLA,2019-01-18 00:00:00+00:00,302.26,327.13,299.73,323.0,24150763,20.1506666667,21.8086666667,19.982,21.5333333333,362261445,0.0,1.0
TSLA,2019-01-22 00:00:00+00:00,298.92,308.0,295.5,304.82,12066741,19.928,20.5333333333,19.7,20.3213333333,181001115,0.0,1.0
TSLA,2019-01-23 00:00:00+00:00,287.59,294.5,281.69,292.5,12529993,19.1726666667,19.6333333333,18.7793333333,19.5,187949895,0.0,1.0
TSLA,2019-01-24 00:00:00+00:00,291.51,293.68,279.28,283.03,8012155,19.434,19.5786666667,18.6186666667,18.8686666667,120182325,0.0,1.0
TSLA,2019-01-25 00:00:00+00:00,297.04,298.52,289.55,294.39,7258078,19.8026666667,19.9013333333,19.3033333333,19.626,108871170,0.0,1.0
TSLA,2019-01-28 00:00:00+00:00,296.38,297.46,287.75,292.91,6423279,19.7586666667,19.8306666667,19.1833333333,19.5273333333,96349185,0.0,1.0
TSLA,2019-01-29 00:00:00+00:00,297.46,298.56,291.8,295.27,4621692,19.8306666667,19.904,19.4533333333,19.6846666667,69325380,0.0,1.0
TSLA,2019-01-30 00:00:00+00:00,308.77,309.0,298.49,300.45,11250318,20.5846666667,20.6,19.8993333333,20.03,168754770,0.0,1.0
TSLA,2019-01-31 00:00:00+00:00,307.02,311.56,294.0,301.0,12569245,20.468,20.7706666667,19.6,20.0666666667,188538675,0.0,1.0
TSLA,2019-02-01 00:00:00+00:00,312.21,316.1,303.5,305.42,7283441,20.814,21.0733333333,20.2333333333,20.3613333333,109251615,0.0,1.0
TSLA,2019-02-04 00:00:00+00:00,312.89,315.3,301.88,312.98,7352082,20.8593333333,21.02,20.1253333333,20.8653333333,110281230,0.0,1.0
TSLA,2019-02-05 00:00:00+00:00,321.35,322.44,312.25,312.49,6742765,21.4233333333,21.496,20.8166666667,20.8326666667,101141475,0.0,1.0
TSLA,2019-02-06 00:00:00+00:00,317.22,324.24,315.62,319.59,5038546,21.148,21.616,21.0413333333,21.306,75578190,0.0,1.0
TSLA,2019-02-07 00:00:00+00:00,307.51,314.7,303.0,313.3,6520611,20.5006666667,20.98,20.2,20.8866666667,97809165,0.0,1.0
TSLA,2019-02-08 00:00:00+00:00,305.8,307.45,298.5,306.83,5844212,20.3866666667,20.4966666667,19.9,20.4553333333,87663180,0.0,1.0
TSLA,2019-02-11 00:00:00+00:00,312.84,318.6,310.5,311.6,7129713,20.856,21.24,20.7,20.7733333333,106945695,0.0,1.0
TSLA,2019-02-12 00:00:00+00:00,311.81,318.19,309.62,316.2,5517570,20.7873333333,21.2126666667,20.6413333333,21.08,82763550,0.0,1.0
TSLA,2019-02-13 00:00:00+00:00,308.17,312.75,305.57,312.35,5141617,20.5446666667,20.85,20.3713333333,20.8233333333,77124255,0.0,1.0
TSLA,2019-02-14 00:00:00+00:00,303.77,306.77,301.0,303.38,5200832,20.2513333333,20.4513333333,20.0666666667,20.2253333333,78012480,0.0,1.0
TSLA,2019-02-15 00:00:00+00:00,307.88,308.0,303.9,304.5,3904947,20.5253333333,20.5333333333,20.26,20.3,58574205,0.0,1.0
TSLA,2019-02-19 00:00:00+00:00,305.64,311.54,305.47,306.56,4168443,20.376,20.7693333333,20.3646666667,20.4373333333,62526645,0.0,1.0
TSLA,2019-02-20 00:00:00+00:00,302.56,306.3,299.0,304.41,7142117,20.1706666667,20.42,19.9333333333,20.294,107131755,0.0,1.0
TSLA,2019-02-21 00:00:00+00:00,291.23,303.2399,290.5,301.81,8909182,19.4153333333,20.2159933333,19.3666666667,20.1206666667,133637730,0.0,1.0
TSLA,2019-02-22 00:00:00+00:00,294.71,296.5,292.1,294.49,5740558,19.6473333333,19.7666666667,19.4733333333,19.6326666667,86108370,0.0,1.0
TSLA,2019-02-25 00:00:00+00:00,298.77,302.9,297.0,297.91,6626522,19.918,20.1933333333,19.8,19.8606666667,99397830,0.0,1.0
TSLA,2019-02-26 00:00:00+00:00,297.86,302.01,288.77,292.22,8582535,19.8573333333,20.134,19.2513333333,19.4813333333,128738025,0.0,1.0
TSLA,2019-02-27 00:00:00+00:00,314.74,316.3,300.55,301.78,11183908,20.9826666667,21.0866666667,20.0366666667,20.1186666667,167758620,0.0,1.0
TSLA,2019-02-28 00:00:00+00:00,319.88,320.0,310.81,318.92,10520653,21.3253333333,21.3333333333,20.7206666667,21.2613333333,157809795,0.0,1.0
TSLA,2019-03-01 00:00:00+00:00,294.79,307.13,291.9,306.94,22911375,19.6526666667,20.4753333333,19.46,20.4626666667,343670625,0.0,1.0
TSLA,2019-03-04 00:00:00+00:00,285.36,299.0,282.78,298.12,17096818,19.024,19.9333333333,18.852,19.8746666667,256452270,0.0,1.0
TSLA,2019-03-05 00:00:00+00:00,276.54,284.0,270.1,282.0,18764740,18.436,18.9333333333,18.0066666667,18.8,281471100,0.0,1.0
TSLA,2019-03-06 00:00:00+00:00,276.24,281.51,274.39,276.48,10335485,18.416,18.7673333333,18.2926666667,18.432,155032275,0.0,1.0
TSLA,2019-03-07 00:00:00+00:00,276.59,284.7,274.25,278.84,9442483,18.4393333333,18.98,18.2833333333,18.5893333333,141637245,0.0,1.0
TSLA,2019-03-08 00:00:00+00:00,284.14,285.59,275.89,276.91,8819625,18.9426666667,19.0393333333,18.3926666667,18.4606666667,132294375,0.0,1.0
TSLA,2019-03-11 00:00:00+00:00,290.92,291.28,280.5,283.52,7392278,19.3946666667,19.4186666667,18.7,18.9013333333,110884170,0.0,1.0
TSLA,2019-03-12 00:00:00+00:00,283.36,288.07,281.06,286.49,7504137,18.8906666667,19.2046666667,18.7373333333,19.0993333333,112562055,0.0,1.0
TSLA,2019-03-13 00:00:00+00:00,288.96,291.99,282.7,283.9,6844719,19.264,19.466,18.8466666667,18.9266666667,102670785,0.0,1.0
TSLA,2019-03-14 00:00:00+00:00,289.96,295.39,288.29,292.45,7103447,19.3306666667,19.6926666667,19.2193333333,19.4966666667,106551705,0.0,1.0
TSLA,2019-03-15 00:00:00+00:00,275.43,283.72,274.4,283.51,14785531,18.362,18.9146666667,18.2933333333,18.9006666667,221782965,0.0,1.0
TSLA,2019-03-18 00:00:00+00:00,269.49,278.05,267.3,276.0,10280980,17.966,18.5366666667,17.82,18.4,154214700,0.0,1.0
TSLA,2019-03-19 00:00:00+00:00,267.47,273.3,263.46,267.5,11800630,17.8313333333,18.22,17.564,17.8333333333,177009450,0.0,1.0
TSLA,2019-03-20 00:00:00+00:00,273.6,274.97,266.3,269.69,6908224,18.24,18.3313333333,17.7533333333,17.9793333333,103623360,0.0,1.0
TSLA,2019-03-21 00:00:00+00:00,274.02,276.45,268.45,272.6,5947098,18.268,18.43,17.8966666667,18.1733333333,89206470,0.0,1.0
TSLA,2019-03-22 00:00:00+00:00,264.53,272.8,264.0,272.58,8745609,17.6353333333,18.1866666667,17.6,18.172,131184135,0.0,1.0
TSLA,2019-03-25 00:00:00+00:00,260.42,263.18,254.46,259.71,10215029,17.3613333333,17.5453333333,16.964,17.314,153225435,0.0,1.0
TSLA,2019-03-26 00:00:00+00:00,267.77,270.26,264.43,264.44,7350948,17.8513333333,18.0173333333,17.6286666667,17.6293333333,110264220,0.0,1.0
TSLA,2019-03-27 00:00:00+00:00,274.83,275.37,268.18,268.75,8779166,18.322,18.358,17.8786666667,17.9166666667,131687490,0.0,1.0
TSLA,2019-03-28 00:00:00+00:00,278.62,280.33,275.1,277.16,6774093,18.5746666667,18.6886666667,18.34,18.4773333333,101611395,0.0,1.0
TSLA,2019-03-29 00:00:00+00:00,279.86,280.16,274.5,278.7,5991338,18.6573333333,18.6773333333,18.3,18.58,89870070,0.0,1.0
TSLA,2019-04-01 00:00:00+00:00,289.18,289.2,281.28,282.62,8110439,19.2786666667,19.28,18.752,18.8413333333,121656585,0.0,1.0
TSLA,2019-04-02 00:00:00+00:00,285.88,289.44,283.88,288.3,5478940,19.0586666667,19.296,18.9253333333,19.22,82184100,0.0,1.0
TSLA,2019-04-03 00:00:00+00:00,291.81,296.17,287.17,287.32,7929864,19.454,19.7446666667,19.1446666667,19.1546666667,118947960,0.0,1.0
TSLA,2019-04-04 00:00:00+00:00,267.78,271.2,260.59,261.89,23720729,17.852,18.08,17.3726666667,17.4593333333,355810935,0.0,1.0
TSLA,2019-04-05 00:00:00+00:00,274.96,276.1,266.11,269.86,13038257,18.3306666667,18.4066666667,17.7406666667,17.9906666667,195573855,0.0,1.0
TSLA,2019-04-08 00:00:00+00:00,273.2,281.16,270.44,277.69,10410436,18.2133333333,18.744,18.0293333333,18.5126666667,156156540,0.0,1.0
TSLA,2019-04-09 00:00:00+00:00,272.31,275.0,269.61,271.65,5904031,18.154,18.3333333333,17.974,18.11,88560465,0.0,1.0
TSLA,2019-04-10 00:00:00+00:00,276.06,278.38,272.89,276.74,7061314,18.404,18.5586666667,18.1926666667,18.4493333333,105919710,0.0,1.0
TSLA,2019-04-11 00:00:00+00:00,268.42,270.5,265.6,268.3,9835927,17.8946666667,18.0333333333,17.7066666667,17.8866666667,147538905,0.0,1.0
TSLA,2019-04-12 00:00:00+00:00,267.7,271.95,266.83,270.22,6745974,17.8466666667,18.13,17.7886666667,18.0146666667,101189610,0.0,1.0
TSLA,2019-04-15 00:00:00+00:00,266.38,268.88,258.63,268.63,10038579,17.7586666667,17.9253333333,17.242,17.9086666667,150578685,0.0,1.0
TSLA,2019-04-16 00:00:00+00:00,273.36,275.0,264.72,265.75,7272930,18.224,18.3333333333,17.648,17.7166666667,109093950,0.0,1.0
TSLA,2019-04-17 00:00:00+00:00,271.23,274.79,268.54,274.75,5126468,18.082,18.3193333333,17.9026666667,18.3166666667,76897020,0.0,1.0
TSLA,2019-04-18 00:00:00+00:00,273.26,274.84,269.75,271.23,5876325,18.2173333333,18.3226666667,17.9833333333,18.082,88144875,0.0,1.0
TSLA,2019-04-22 00:00:00+00:00,262.75,269.68,262.48,269.0,12147141,17.5166666667,17.9786666667,17.4986666667,17.9333333333,182207115,0.0,1.0
TSLA,2019-04-23 00:00:00+00:00,263.9,265.6,255.75,260.15,10943859,17.5933333333,17.7066666667,17.05,17.3433333333,164157885,0.0,1.0
TSLA,2019-04-24 00:00:00+00:00,258.66,265.32,258.0,263.85,10727454,17.244,17.688,17.2,17.59,160911810,0.0,1.0
TSLA,2019-04-25 00:00:00+00:00,247.63,259.0,246.07,255.0,21849393,16.5086666667,17.2666666667,16.4046666667,17.0,327740895,0.0,1.0
TSLA,2019-04-26 00:00:00+00:00,235.14,246.68,231.13,246.5,22360709,15.676,16.4453333333,15.4086666667,16.4333333333,335410635,0.0,1.0
TSLA,2019-04-29 00:00:00+00:00,241.47,243.98,232.17,235.86,16714476,16.098,16.2653333333,15.478,15.724,250717140,0.0,1.0
TSLA,2019-04-30 00:00:00+00:00,238.69,244.21,237.0,242.06,9464628,15.9126666667,16.2806666667,15.8,16.1373333333,141969420,0.0,1.0
TSLA,2019-05-01 00:00:00+00:00,234.01,240.0,231.5,238.85,10704354,15.6006666667,16.0,15.4333333333,15.9233333333,160565310,0.0,1.0
TSLA,2019-05-02 00:00:00+00:00,244.1,247.13,237.72,245.52,18159339,16.2733333333,16.4753333333,15.848,16.368,272390085,0.0,1.0
TSLA,2019-05-03 00:00:00+00:00,255.03,256.61,243.49,243.86,23706771,17.002,17.1073333333,16.2326666667,16.2573333333,355601565,0.0,1.0
TSLA,2019-05-06 00:00:00+00:00,255.34,258.35,248.5,250.02,10833943,17.0226666667,17.2233333333,16.5666666667,16.668,162509145,0.0,1.0
TSLA,2019-05-07 00:00:00+00:00,247.06,257.21,245.1,256.8,10131408,16.4706666667,17.1473333333,16.34,17.12,151971120,0.0,1.0
TSLA,2019-05-08 00:00:00+00:00,244.84,250.6,244.2,246.94,6176440,16.3226666667,16.7066666667,16.28,16.4626666667,92646600,0.0,1.0
TSLA,2019-05-09 00:00:00+00:00,241.98,243.68,236.94,242.0,6711382,16.132,16.2453333333,15.796,16.1333333333,100670730,0.0,1.0
TSLA,2019-05-10 00:00:00+00:00,239.52,241.99,236.02,239.75,7008336,15.968,16.1326666667,15.7346666667,15.9833333333,105125040,0.0,1.0
TSLA,2019-05-13 00:00:00+00:00,227.01,232.47,224.5,232.01,10834796,15.134,15.498,14.9666666667,15.4673333333,162521940,0.0,1.0
TSLA,2019-05-14 00:00:00+00:00,232.31,234.5,228.0,229.3,7252412,15.4873333333,15.6333333333,15.2,15.2866666667,108786180,0.0,1.0
TSLA,2019-05-15 00:00:00+00:00,231.95,232.44,225.25,229.32,7295976,15.4633333333,15.496,15.0166666667,15.288,109439640,0.0,1.0
TSLA,2019-05-16 00:00:00+00:00,228.33,231.0,226.5,229.49,7483273,15.222,15.4,15.1,15.2993333333,112249095,0.0,1.0
TSLA,2019-05-17 00:00:00+00:00,211.03,222.24,208.92,221.96,17786666,14.0686666667,14.816,13.928,14.7973333333,266799990,0.0,1.0
TSLA,2019-05-20 00:00:00+00:00,205.36,206.0,195.25,202.8,20526195,13.6906666667,13.7333333333,13.0166666667,13.52,307892925,0.0,1.0
TSLA,2019-05-21 00:00:00+00:00,205.08,207.4,196.04,197.76,18003899,13.672,13.8266666667,13.0693333333,13.184,270058485,0.0,1.0
TSLA,2019-05-22 00:00:00+00:00,192.73,203.94,191.78,199.1,18685187,12.8486666667,13.596,12.7853333333,13.2733333333,280277805,0.0,1.0
TSLA,2019-05-23 00:00:00+00:00,195.49,199.47,186.22,194.34,26547142,13.0326666667,13.298,12.4146666667,12.956,398207130,0.0,1.0
TSLA,2019-05-24 00:00:00+00:00,190.63,199.98,188.75,199.83,14136572,12.7086666667,13.332,12.5833333333,13.322,212048580,0.0,1.0
TSLA,2019-05-28 00:00:00+00:00,188.7,195.0,187.85,191.2,10312901,12.58,13.0,12.5233333333,12.7466666667,154693515,0.0,1.0
TSLA,2019-05-29 00:00:00+00:00,189.86,192.39,185.04,187.1,11968638,12.6573333333,12.826,12.336,12.4733333333,179529570,0.0,1.0
TSLA,2019-05-30 00:00:00+00:00,188.22,192.26,187.02,188.75,7926475,12.548,12.8173333333,12.468,12.5833333333,118897125,0.0,1.0
TSLA,2019-05-31 00:00:00+00:00,185.16,189.92,184.1,185.1,10406732,12.344,12.6613333333,12.2733333333,12.34,156100980,0.0,1.0
TSLA,2019-06-03 00:00:00+00:00,178.97,186.68,176.99,185.51,13064410,11.9313333333,12.4453333333,11.7993333333,12.3673333333,195966150,0.0,1.0
TSLA,2019-06-04 00:00:00+00:00,193.6,193.98,179.61,181.1,13807522,12.9066666667,12.932,11.974,12.0733333333,207112830,0.0,1.0
TSLA,2019-06-05 00:00:00+00:00,196.59,201.28,191.85,198.68,13510756,13.106,13.4186666667,12.79,13.2453333333,202661340,0.0,1.0
TSLA,2019-06-06 00:00:00+00:00,205.95,211.0,201.8,204.44,20242151,13.73,14.0666666667,13.4533333333,13.6293333333,303632265,0.0,1.0
TSLA,2019-06-07 00:00:00+00:00,204.5,210.8438,203.499,205.0,16003527,13.6333333333,14.0562533333,13.5666,13.6666666667,240052905,0.0,1.0
TSLA,2019-06-10 00:00:00+00:00,212.88,216.94,209.01,210.25,10585039,14.192,14.4626666667,13.934,14.0166666667,158775585,0.0,1.0
TSLA,2019-06-11 00:00:00+00:00,217.1,220.9,213.5,219.14,11653537,14.4733333333,14.7266666667,14.2333333333,14.6093333333,174803055,0.0,1.0
TSLA,2019-06-12 00:00:00+00:00,209.26,223.38,209.0,222.95,15197544,13.9506666667,14.892,13.9333333333,14.8633333333,227963160,0.0,1.0
TSLA,2019-06-13 00:00:00+00:00,213.91,214.9,207.51,210.38,8168260,14.2606666667,14.3266666667,13.834,14.0253333333,122523900,0.0,1.0
TSLA,2019-06-14 00:00:00+00:00,214.92,216.65,210.4,211.25,7433402,14.328,14.4433333333,14.0266666667,14.0833333333,111501030,0.0,1.0
TSLA,2019-06-17 00:00:00+00:00,225.03,227.0,214.27,215.48,12316803,15.002,15.1333333333,14.2846666667,14.3653333333,184752045,0.0,1.0
TSLA,2019-06-18 00:00:00+00:00,224.74,234.74,222.56,228.72,12715788,14.9826666667,15.6493333333,14.8373333333,15.248,190736820,0.0,1.0
TSLA,2019-06-19 00:00:00+00:00,226.43,227.77,221.06,225.11,6575135,15.0953333333,15.1846666667,14.7373333333,15.0073333333,98627025,0.0,1.0
TSLA,2019-06-20 00:00:00+00:00,219.62,226.9,216.35,223.0,11863462,14.6413333333,15.1266666667,14.4233333333,14.8666666667,177951930,0.0,1.0
TSLA,2019-06-21 00:00:00+00:00,221.86,222.18,215.5,216.22,8202078,14.7906666667,14.812,14.3666666667,14.4146666667,123031170,0.0,1.0
TSLA,2019-06-24 00:00:00+00:00,223.64,225.86,221.02,223.24,5750771,14.9093333333,15.0573333333,14.7346666667,14.8826666667,86261565,0.0,1.0
TSLA,2019-06-25 00:00:00+00:00,219.76,225.34,219.49,224.39,6182071,14.6506666667,15.0226666667,14.6326666667,14.9593333333,92731065,0.0,1.0
TSLA,2019-06-26 00:00:00+00:00,219.27,227.23,218.1,220.31,8507208,14.618,15.1486666667,14.54,14.6873333333,127608120,0.0,1.0
TSLA,2019-06-27 00:00:00+00:00,222.84,222.9,217.35,219.45,6339710,14.856,14.86,14.49,14.63,95095650,0.0,1.0
TSLA,2019-06-28 00:00:00+00:00,223.46,225.17,220.8,220.99,6851384,14.8973333333,15.0113333333,14.72,14.7326666667,102770760,0.0,1.0
TSLA,2019-07-01 00:00:00+00:00,227.17,233.1,226.28,230.21,8237964,15.1446666667,15.54,15.0853333333,15.3473333333,123569460,0.0,1.0
TSLA,2019-07-02 00:00:00+00:00,224.55,229.15,222.22,228.89,9259027,14.97,15.2766666667,14.8146666667,15.2593333333,138885405,0.0,1.0
TSLA,2019-07-03 00:00:00+00:00,234.9,241.57,234.51,239.39,14201148,15.66,16.1046666667,15.634,15.9593333333,213017220,0.0,1.0
TSLA,2019-07-05 00:00:00+00:00,233.1,235.45,230.8,234.57,7065738,15.54,15.6966666667,15.3866666667,15.638,105986070,0.0,1.0
TSLA,2019-07-08 00:00:00+00:00,230.34,232.25,228.66,231.24,5880542,15.356,15.4833333333,15.244,15.416,88208130,0.0,1.0
TSLA,2019-07-09 00:00:00+00:00,230.06,231.0,227.28,228.97,6190835,15.3373333333,15.4,15.152,15.2646666667,92862525,0.0,1.0
TSLA,2019-07-10 00:00:00+00:00,238.92,238.94,233.14,234.15,9145736,15.928,15.9293333333,15.5426666667,15.61,137186040,0.0,1.0
TSLA,2019-07-11 00:00:00+00:00,238.6,241.5,235.8,238.14,7514430,15.9066666667,16.1,15.72,15.876,112716450,0.0,1.0
TSLA,2019-07-12 00:00:00+00:00,245.08,245.38,239.71,239.75,9200521,16.3386666667,16.3586666667,15.9806666667,15.9833333333,138007815,0.0,1.0
TSLA,2019-07-15 00:00:00+00:00,253.5,254.42,244.86,248.0,11000092,16.9,16.9613333333,16.324,16.5333333333,165001380,0.0,1.0
TSLA,2019-07-16 00:00:00+00:00,252.38,253.53,247.93,249.3,8148989,16.8253333333,16.902,16.5286666667,16.62,122234835,0.0,1.0
TSLA,2019-07-17 00:00:00+00:00,254.86,258.31,253.35,255.67,9764727,16.9906666667,17.2206666667,16.89,17.0446666667,146470905,0.0,1.0
TSLA,2019-07-18 00:00:00+00:00,253.54,255.75,251.89,255.05,4764483,16.9026666667,17.05,16.7926666667,17.0033333333,71467245,0.0,1.0
TSLA,2019-07-19 00:00:00+00:00,258.18,259.96,254.62,255.69,7048410,17.212,17.3306666667,16.9746666667,17.046,105726150,0.0,1.0
TSLA,2019-07-22 00:00:00+00:00,255.68,262.15,254.19,258.75,6846273,17.0453333333,17.4766666667,16.946,17.25,102694095,0.0,1.0
TSLA,2019-07-23 00:00:00+00:00,260.17,260.48,254.5,256.71,5023121,17.3446666667,17.3653333333,16.9666666667,17.114,75346815,0.0,1.0
TSLA,2019-07-24 00:00:00+00:00,264.88,266.07,258.16,259.17,11072835,17.6586666667,17.738,17.2106666667,17.278,166092525,0.0,1.0
TSLA,2019-07-25 00:00:00+00:00,228.82,234.5,225.55,233.5,22418252,15.2546666667,15.6333333333,15.0366666667,15.5666666667,336273780,0.0,1.0
TSLA,2019-07-26 00:00:00+00:00,228.04,230.26,222.25,226.92,10027697,15.2026666667,15.3506666667,14.8166666667,15.128,150415455,0.0,1.0
TSLA,2019-07-29 00:00:00+00:00,235.77,235.94,226.03,227.09,9273331,15.718,15.7293333333,15.0686666667,15.1393333333,139099965,0.0,1.0
TSLA,2019-07-30 00:00:00+00:00,242.26,243.36,232.18,232.9,8109014,16.1506666667,16.224,15.4786666667,15.5266666667,121635210,0.0,1.0
TSLA,2019-07-31 00:00:00+00:00,241.61,246.68,236.65,243.0,9178208,16.1073333333,16.4453333333,15.7766666667,16.2,137673120,0.0,1.0
TSLA,2019-08-01 00:00:00+00:00,233.85,244.51,231.77,242.65,8259516,15.59,16.3006666667,15.4513333333,16.1766666667,123892740,0.0,1.0
TSLA,2019-08-02 00:00:00+00:00,234.34,236.27,229.23,231.35,6136481,15.6226666667,15.7513333333,15.282,15.4233333333,92047215,0.0,1.0
TSLA,2019-08-05 00:00:00+00:00,228.32,231.37,225.78,229.6,7028279,15.2213333333,15.4246666667,15.052,15.3066666667,105424185,0.0,1.0
TSLA,2019-08-06 00:00:00+00:00,230.75,232.5,225.75,231.88,5564200,15.3833333333,15.5,15.05,15.4586666667,83463000,0.0,1.0
TSLA,2019-08-07 00:00:00+00:00,233.42,233.57,225.8,226.5,4776500,15.5613333333,15.5713333333,15.0533333333,15.1,71647500,0.0,1.0
TSLA,2019-08-08 00:00:00+00:00,238.3,239.8,232.65,234.45,5274349,15.8866666667,15.9866666667,15.51,15.63,79115235,0.0,1.0
TSLA,2019-08-09 00:00:00+00:00,235.01,238.96,233.81,236.05,3898244,15.6673333333,15.9306666667,15.5873333333,15.7366666667,58473660,0.0,1.0
TSLA,2019-08-12 00:00:00+00:00,229.01,235.77,228.75,232.99,4663937,15.2673333333,15.718,15.25,15.5326666667,69959055,0.0,1.0
TSLA,2019-08-13 00:00:00+00:00,235.0,236.0,227.55,228.81,4868998,15.6666666667,15.7333333333,15.17,15.254,73034970,0.0,1.0
TSLA,2019-08-14 00:00:00+00:00,219.62,231.5,216.69,231.21,9562591,14.6413333333,15.4333333333,14.446,15.414,143438865,0.0,1.0
TSLA,2019-08-15 00:00:00+00:00,215.64,221.56,211.55,220.86,8231952,14.376,14.7706666667,14.1033333333,14.724,123479280,0.0,1.0
TSLA,2019-08-16 00:00:00+00:00,219.94,222.24,216.02,216.66,5207376,14.6626666667,14.816,14.4013333333,14.444,78110640,0.0,1.0
TSLA,2019-08-19 00:00:00+00:00,226.83,227.83,221.7,224.21,5311748,15.122,15.1886666667,14.78,14.9473333333,79676220,0.0,1.0
TSLA,2019-08-20 00:00:00+00:00,225.86,229.09,224.54,227.62,4170527,15.0573333333,15.2726666667,14.9693333333,15.1746666667,62557905,0.0,1.0
TSLA,2019-08-21 00:00:00+00:00,220.83,223.22,217.6,222.01,7799744,14.722,14.8813333333,14.5066666667,14.8006666667,116996160,0.0,1.0
TSLA,2019-08-22 00:00:00+00:00,222.15,225.4,218.22,222.8,6564964,14.81,15.0266666667,14.548,14.8533333333,98474460,0.0,1.0
TSLA,2019-08-23 00:00:00+00:00,211.4,221.17,211.0,219.97,8559704,14.0933333333,14.7446666667,14.0666666667,14.6646666667,128395560,0.0,1.0
TSLA,2019-08-26 00:00:00+00:00,215.0,215.02,211.54,213.6,5054414,14.3333333333,14.3346666667,14.1026666667,14.24,75816210,0.0,1.0
TSLA,2019-08-27 00:00:00+00:00,214.08,218.8,212.03,215.74,5420727,14.272,14.5866666667,14.1353333333,14.3826666667,81310905,0.0,1.0
TSLA,2019-08-28 00:00:00+00:00,215.59,217.25,212.31,213.69,3223082,14.3726666667,14.4833333333,14.154,14.246,48346230,0.0,1.0
TSLA,2019-08-29 00:00:00+00:00,221.71,223.4,218.0,219.0,5183104,14.7806666667,14.8933333333,14.5333333333,14.6,77746560,0.0,1.0
TSLA,2019-08-30 00:00:00+00:00,225.61,232.44,224.21,229.15,9327775,15.0406666667,15.496,14.9473333333,15.2766666667,139916625,0.0,1.0
TSLA,2019-09-03 00:00:00+00:00,225.01,228.95,223.16,224.08,5360546,15.0006666667,15.2633333333,14.8773333333,14.9386666667,80408190,0.0,1.0
TSLA,2019-09-04 00:00:00+00:00,220.68,228.46,219.21,226.89,5768696,14.712,15.2306666667,14.614,15.126,86530440,0.0,1.0
TSLA,2019-09-05 00:00:00+00:00,229.58,229.8,220.85,222.5,7403322,15.3053333333,15.32,14.7233333333,14.8333333333,111049830,0.0,1.0
TSLA,2019-09-06 00:00:00+00:00,227.45,229.64,225.17,227.2,4189372,15.1633333333,15.3093333333,15.0113333333,15.1466666667,62840580,0.0,1.0
TSLA,2019-09-09 00:00:00+00:00,231.79,233.76,229.23,230.0,4802669,15.4526666667,15.584,15.282,15.3333333333,72040035,0.0,1.0
TSLA,2019-09-10 00:00:00+00:00,235.54,235.54,228.94,230.8,4883714,15.7026666667,15.7026666667,15.2626666667,15.3866666667,73255710,0.0,1.0
TSLA,2019-09-11 00:00:00+00:00,247.1,248.17,236.0,237.38,10042777,16.4733333333,16.5446666667,15.7333333333,15.8253333333,150641655,0.0,1.0
TSLA,2019-09-12 00:00:00+00:00,245.87,253.5,244.4,247.7,8581210,16.3913333333,16.9,16.2933333333,16.5133333333,128718150,0.0,1.0
TSLA,2019-09-13 00:00:00+00:00,245.2,248.45,244.87,246.96,5313145,16.3466666667,16.5633333333,16.3246666667,16.464,79697175,0.0,1.0
TSLA,2019-09-16 00:00:00+00:00,242.81,247.43,241.17,246.0,4728096,16.1873333333,16.4953333333,16.078,16.4,70921440,0.0,1.0
TSLA,2019-09-17 00:00:00+00:00,244.79,245.6,240.37,242.47,3946909,16.3193333333,16.3733333333,16.0246666667,16.1646666667,59203635,0.0,1.0
TSLA,2019-09-18 00:00:00+00:00,243.49,248.17,242.37,245.0,4228103,16.2326666667,16.5446666667,16.158,16.3333333333,63421545,0.0,1.0
TSLA,2019-09-19 00:00:00+00:00,246.6,247.94,244.84,246.0,4883135,16.44,16.5293333333,16.3226666667,16.4,73247025,0.0,1.0
TSLA,2019-09-20 00:00:00+00:00,240.62,246.95,238.16,246.49,6506264,16.0413333333,16.4633333333,15.8773333333,16.4326666667,97593960,0.0,1.0
TSLA,2019-09-23 00:00:00+00:00,241.23,245.18,239.22,240.0,4391630,16.082,16.3453333333,15.948,16.0,65874450,0.0,1.0
TSLA,2019-09-24 00:00:00+00:00,223.21,241.99,222.61,241.52,12941112,14.8806666667,16.1326666667,14.8406666667,16.1013333333,194116680,0.0,1.0
TSLA,2019-09-25 00:00:00+00:00,228.7,228.98,218.36,224.56,9444286,15.2466666667,15.2653333333,14.5573333333,14.9706666667,141664290,0.0,1.0
TSLA,2019-09-26 00:00:00+00:00,242.56,243.31,227.4,230.66,12078785,16.1706666667,16.2206666667,15.16,15.3773333333,181181775,0.0,1.0
TSLA,2019-09-27 00:00:00+00:00,242.13,248.71,238.73,242.2,11123179,16.142,16.5806666667,15.9153333333,16.1466666667,166847685,0.0,1.0
TSLA,2019-09-30 00:00:00+00:00,240.87,243.98,236.11,243.0,5946161,16.058,16.2653333333,15.7406666667,16.2,89192415,0.0,1.0
TSLA,2019-10-01 00:00:00+00:00,244.69,245.95,239.13,241.5,6196290,16.3126666667,16.3966666667,15.942,16.1,92944350,0.0,1.0
TSLA,2019-10-02 00:00:00+00:00,243.13,244.65,239.43,243.29,6256548,16.2086666667,16.31,15.962,16.2193333333,93848220,0.0,1.0
TSLA,2019-10-03 00:00:00+00:00,233.03,234.48,224.28,231.86,15137763,15.5353333333,15.632,14.952,15.4573333333,227066445,0.0,1.0
TSLA,2019-10-04 00:00:00+00:00,231.43,234.78,228.07,231.61,8021180,15.4286666667,15.652,15.2046666667,15.4406666667,120317700,0.0,1.0
TSLA,2019-10-07 00:00:00+00:00,237.72,238.56,228.55,229.8,8086957,15.848,15.904,15.2366666667,15.32,121304355,0.0,1.0
TSLA,2019-10-08 00:00:00+00:00,240.05,243.94,234.5,235.87,8702338,16.0033333333,16.2626666667,15.6333333333,15.7246666667,130535070,0.0,1.0
TSLA,2019-10-09 00:00:00+00:00,244.53,247.3,240.65,241.32,6935033,16.302,16.4866666667,16.0433333333,16.088,104025495,0.0,1.0
TSLA,2019-10-10 00:00:00+00:00,244.74,249.28,241.58,245.28,6313417,16.316,16.6186666667,16.1053333333,16.352,94701255,0.0,1.0
TSLA,2019-10-11 00:00:00+00:00,247.89,251.08,246.81,247.15,8488159,16.526,16.7386666667,16.454,16.4766666667,127322385,0.0,1.0
TSLA,2019-10-14 00:00:00+00:00,256.96,258.55,247.13,247.9,10226863,17.1306666667,17.2366666667,16.4753333333,16.5266666667,153402945,0.0,1.0
TSLA,2019-10-15 00:00:00+00:00,257.89,260.0,254.12,257.7,6479456,17.1926666667,17.3333333333,16.9413333333,17.18,97191840,0.0,1.0
TSLA,2019-10-16 00:00:00+00:00,259.75,262.1,256.92,257.39,6704303,17.3166666667,17.4733333333,17.128,17.1593333333,100564545,0.0,1.0
TSLA,2019-10-17 00:00:00+00:00,261.97,264.78,260.17,262.5,4779043,17.4646666667,17.652,17.3446666667,17.5,71685645,0.0,1.0
TSLA,2019-10-18 00:00:00+00:00,256.95,262.8,255.1,260.7,5720888,17.13,17.52,17.0066666667,17.38,85813320,0.0,1.0
TSLA,2019-10-21 00:00:00+00:00,253.5,259.5,250.18,258.33,5020339,16.9,17.3,16.6786666667,17.222,75305085,0.0,1.0
TSLA,2019-10-22 00:00:00+00:00,255.58,258.33,250.85,254.32,4625095,17.0386666667,17.222,16.7233333333,16.9546666667,69376425,0.0,1.0
TSLA,2019-10-23 00:00:00+00:00,254.68,256.14,251.35,254.5,11216182,16.9786666667,17.076,16.7566666667,16.9666666667,168242730,0.0,1.0
TSLA,2019-10-24 00:00:00+00:00,299.68,304.93,289.2,298.37,29819231,19.9786666667,20.3286666667,19.28,19.8913333333,447288465,0.0,1.0
TSLA,2019-10-25 00:00:00+00:00,328.13,330.0,296.11,297.72,30006091,21.8753333333,22.0,19.7406666667,19.848,450091365,0.0,1.0
TSLA,2019-10-28 00:00:00+00:00,327.71,340.84,322.6,327.54,18737839,21.8473333333,22.7226666667,21.5066666667,21.836,281067585,0.0,1.0
TSLA,2019-10-29 00:00:00+00:00,316.22,324.3,314.75,319.99,12684267,21.0813333333,21.62,20.9833333333,21.3326666667,190264005,0.0,1.0
TSLA,2019-10-30 00:00:00+00:00,315.01,318.79,309.97,313.0,9641810,21.0006666667,21.2526666667,20.6646666667,20.8666666667,144627150,0.0,1.0
TSLA,2019-10-31 00:00:00+00:00,314.92,319.0,313.0,313.1,5066956,20.9946666667,21.2666666667,20.8666666667,20.8733333333,76004340,0.0,1.0
TSLA,2019-11-01 00:00:00+00:00,313.31,316.48,309.8,316.32,6383929,20.8873333333,21.0986666667,20.6533333333,21.088,95758935,0.0,1.0
TSLA,2019-11-04 00:00:00+00:00,317.47,321.94,309.26,314.8,8787040,21.1646666667,21.4626666667,20.6173333333,20.9866666667,131805600,0.0,1.0
TSLA,2019-11-05 00:00:00+00:00,317.22,323.51,316.12,319.62,6943417,21.148,21.5673333333,21.0746666667,21.308,104151255,0.0,1.0
TSLA,2019-11-06 00:00:00+00:00,326.58,326.72,314.5,318.0,7940932,21.772,21.7813333333,20.9666666667,21.2,119113980,0.0,1.0
TSLA,2019-11-07 00:00:00+00:00,335.54,341.5,328.02,329.14,14467348,22.3693333333,22.7666666667,21.868,21.9426666667,217010220,0.0,1.0
TSLA,2019-11-08 00:00:00+00:00,337.14,337.46,332.5,334.5,6074221,22.476,22.4973333333,22.1666666667,22.3,91113315,0.0,1.0
TSLA,2019-11-11 00:00:00+00:00,345.09,349.19,342.0,343.95,9993689,23.006,23.2793333333,22.8,22.93,149905335,0.0,1.0
TSLA,2019-11-12 00:00:00+00:00,349.93,350.37,344.04,346.9,7359383,23.3286666667,23.358,22.936,23.1266666667,110390745,0.0,1.0
TSLA,2019-11-13 00:00:00+00:00,346.11,356.33,345.18,355.0,8467863,23.074,23.7553333333,23.012,23.6666666667,127017945,0.0,1.0
TSLA,2019-11-14 00:00:00+00:00,349.35,353.84,342.91,346.11,6471703,23.29,23.5893333333,22.8606666667,23.074,97075545,0.0,1.0
TSLA,2019-11-15 00:00:00+00:00,352.17,352.8,348.36,350.64,4812563,23.478,23.52,23.224,23.376,72188445,0.0,1.0
TSLA,2019-11-18 00:00:00+00:00,349.99,353.15,346.1,352.92,4408505,23.3326666667,23.5433333333,23.0733333333,23.528,66127575,0.0,1.0
TSLA,2019-11-19 00:00:00+00:00,359.52,359.99,347.8,351.75,7736078,23.968,23.9993333333,23.1866666667,23.45,116041170,0.0,1.0
TSLA,2019-11-20 00:00:00+00:00,352.22,361.2,349.57,360.0,6733965,23.4813333333,24.08,23.3046666667,24.0,101009475,0.0,1.0
TSLA,2019-11-21 00:00:00+00:00,354.83,360.84,354.0,354.51,6110013,23.6553333333,24.056,23.6,23.634,91650195,0.0,1.0
TSLA,2019-11-22 00:00:00+00:00,333.04,341.0,330.0,340.16,16870642,22.2026666667,22.7333333333,22.0,22.6773333333,253059630,0.0,1.0
TSLA,2019-11-25 00:00:00+00:00,336.34,344.57,334.46,344.32,12345765,22.4226666667,22.9713333333,22.2973333333,22.9546666667,185186475,0.0,1.0
TSLA,2019-11-26 00:00:00+00:00,328.92,335.5,327.1,335.27,7956239,21.928,22.3666666667,21.8066666667,22.3513333333,119343585,0.0,1.0
TSLA,2019-11-27 00:00:00+00:00,331.29,333.93,328.57,331.12,5563459,22.086,22.262,21.9046666667,22.0746666667,83451885,0.0,1.0
TSLA,2019-11-29 00:00:00+00:00,329.94,331.26,327.5,331.11,2465629,21.996,22.084,21.8333333333,22.074,36984435,0.0,1.0
TSLA,2019-12-02 00:00:00+00:00,334.87,336.38,328.69,329.4,6081986,22.3246666667,22.4253333333,21.9126666667,21.96,91229790,0.0,1.0
TSLA,2019-12-03 00:00:00+00:00,336.2,337.91,332.19,332.62,6613476,22.4133333333,22.5273333333,22.146,22.1746666667,99202140,0.0,1.0
TSLA,2019-12-04 00:00:00+00:00,333.03,337.86,332.85,337.75,5536255,22.202,22.524,22.19,22.5166666667,83043825,0.0,1.0
TSLA,2019-12-05 00:00:00+00:00,330.37,334.42,327.25,332.83,3736976,22.0246666667,22.2946666667,21.8166666667,22.1886666667,56054640,0.0,1.0
TSLA,2019-12-06 00:00:00+00:00,335.89,338.86,334.77,335.0,7618937,22.3926666667,22.5906666667,22.318,22.3333333333,114284055,0.0,1.0
TSLA,2019-12-09 00:00:00+00:00,339.53,344.45,335.08,336.59,9040217,22.6353333333,22.9633333333,22.3386666667,22.4393333333,135603255,0.0,1.0
TSLA,2019-12-10 00:00:00+00:00,348.84,350.73,339.31,339.96,8839951,23.256,23.382,22.6206666667,22.664,132599265,0.0,1.0
TSLA,2019-12-11 00:00:00+00:00,352.7,357.19,351.09,351.88,6919162,23.5133333333,23.8126666667,23.406,23.4586666667,103787430,0.0,1.0
TSLA,2019-12-12 00:00:00+00:00,359.68,362.74,353.23,354.92,7776211,23.9786666667,24.1826666667,23.5486666667,23.6613333333,116643165,0.0,1.0
TSLA,2019-12-13 00:00:00+00:00,358.39,365.21,354.64,361.05,6574281,23.8926666667,24.3473333333,23.6426666667,24.07,98614215,0.0,1.0
TSLA,2019-12-16 00:00:00+00:00,381.5,383.61,362.5,362.55,18220940,25.4333333333,25.574,24.1666666667,24.17,273314100,0.0,1.0
TSLA,2019-12-17 00:00:00+00:00,378.99,385.5,375.9,378.99,8503775,25.266,25.7,25.06,25.266,127556625,0.0,1.0
TSLA,2019-12-18 00:00:00+00:00,393.15,395.22,380.58,380.63,14136392,26.21,26.348,25.372,25.3753333333,212045880,0.0,1.0
TSLA,2019-12-19 00:00:00+00:00,404.04,406.85,396.5,397.32,18120307,26.936,27.1233333333,26.4333333333,26.488,271804605,0.0,1.0
TSLA,2019-12-20 00:00:00+00:00,405.59,413.0,400.19,410.29,14785206,27.0393333333,27.5333333333,26.6793333333,27.3526666667,221778090,0.0,1.0
TSLA,2019-12-23 00:00:00+00:00,419.22,422.01,410.0,411.78,13332821,27.948,28.134,27.3333333333,27.452,199992315,0.0,1.0
TSLA,2019-12-24 00:00:00+00:00,425.25,425.47,412.69,418.36,8054720,28.35,28.3646666667,27.5126666667,27.8906666667,120820800,0.0,1.0
TSLA,2019-12-26 00:00:00+00:00,430.94,433.48,426.35,427.91,10648289,28.7293333333,28.8986666667,28.4233333333,28.5273333333,159724335,0.0,1.0
TSLA,2019-12-27 00:00:00+00:00,430.38,435.31,426.11,435.0,9956827,28.692,29.0206666667,28.4073333333,29.0,149352405,0.0,1.0
TSLA,2019-12-30 00:00:00+00:00,414.7,429.0,409.26,428.79,12601265,27.6466666667,28.6,27.284,28.586,189018975,0.0,1.0
TSLA,2019-12-31 00:00:00+00:00,418.33,421.29,402.08,405.0,10292456,27.8886666667,28.086,26.8053333333,27.0,154386840,0.0,1.0
TSLA,2020-01-02 00:00:00+00:00,430.26,430.7,421.71,424.5,9558386,28.684,28.7133333333,28.114,28.3,143375790,0.0,1.0
TSLA,2020-01-03 00:00:00+00:00,443.01,454.0,436.92,440.5,17794697,29.534,30.2666666667,29.128,29.3666666667,266920455,0.0,1.0
TSLA,2020-01-06 00:00:00+00:00,451.54,451.56,440.0,440.47,10157499,30.1026666667,30.104,29.3333333333,29.3646666667,152362485,0.0,1.0
TSLA,2020-01-07 00:00:00+00:00,469.06,471.63,453.36,461.4,18209138,31.2706666667,31.442,30.224,30.76,273137070,0.0,1.0
TSLA,2020-01-08 00:00:00+00:00,492.14,498.49,468.23,473.7,31199393,32.8093333333,33.2326666667,31.2153333333,31.58,467990895,0.0,1.0
TSLA,2020-01-09 00:00:00+00:00,481.34,498.8,472.87,497.1,28463186,32.0893333333,33.2533333333,31.5246666667,33.14,426947790,0.0,1.0
TSLA,2020-01-10 00:00:00+00:00,478.15,484.94,473.7,481.79,12976832,31.8766666667,32.3293333333,31.58,32.1193333333,194652480,0.0,1.0
TSLA,2020-01-13 00:00:00+00:00,524.86,525.63,492.0,493.5,26307458,34.9906666667,35.042,32.8,32.9,394611870,0.0,1.0
TSLA,2020-01-14 00:00:00+00:00,537.92,547.41,524.9,544.26,29061377,35.8613333333,36.494,34.9933333333,36.284,435920655,0.0,1.0
TSLA,2020-01-15 00:00:00+00:00,518.5,537.84,516.79,529.76,17368831,34.5666666667,35.856,34.4526666667,35.3173333333,260532465,0.0,1.0
TSLA,2020-01-16 00:00:00+00:00,513.49,514.46,492.17,493.75,21736653,34.2326666667,34.2973333333,32.8113333333,32.9166666667,326049795,0.0,1.0
TSLA,2020-01-17 00:00:00+00:00,510.5,515.67,503.16,507.61,13629073,34.0333333333,34.378,33.544,33.8406666667,204436095,0.0,1.0
TSLA,2020-01-21 00:00:00+00:00,547.2,548.58,528.41,530.25,17447270,36.48,36.572,35.2273333333,35.35,261709050,0.0,1.0
TSLA,2020-01-22 00:00:00+00:00,569.56,594.5,559.1,571.89,31369028,37.9706666667,39.6333333333,37.2733333333,38.126,470535420,0.0,1.0
TSLA,2020-01-23 00:00:00+00:00,572.2,582.0,555.6,564.25,19651042,38.1466666667,38.8,37.04,37.6166666667,294765630,0.0,1.0
TSLA,2020-01-24 00:00:00+00:00,564.82,573.86,554.26,570.63,14353600,37.6546666667,38.2573333333,36.9506666667,38.042,215304000,0.0,1.0
TSLA,2020-01-27 00:00:00+00:00,558.02,564.44,539.28,541.99,13608068,37.2013333333,37.6293333333,35.952,36.1326666667,204121020,0.0,1.0
TSLA,2020-01-28 00:00:00+00:00,566.9,576.81,558.08,568.49,11788493,37.7933333333,38.454,37.2053333333,37.8993333333,176827395,0.0,1.0
TSLA,2020-01-29 00:00:00+00:00,580.99,589.8,567.43,575.69,18216672,38.7326666667,39.32,37.8286666667,38.3793333333,273250080,0.0,1.0
TSLA,2020-01-30 00:00:00+00:00,640.81,650.88,618.0,632.42,29005676,42.7206666667,43.392,41.2,42.1613333333,435085140,0.0,1.0
TSLA,2020-01-31 00:00:00+00:00,650.57,653.0,632.52,640.0,15719266,43.3713333333,43.5333333333,42.168,42.6666666667,235788990,0.0,1.0
TSLA,2020-02-03 00:00:00+00:00,780.0,786.14,673.52,673.69,47233495,52.0,52.4093333333,44.9013333333,44.9126666667,708502425,0.0,1.0
TSLA,2020-02-04 00:00:00+00:00,887.06,968.99,833.88,882.96,60938758,59.1373333333,64.5993333333,55.592,58.864,914081370,0.0,1.0
TSLA,2020-02-05 00:00:00+00:00,734.7,845.98,704.11,823.26,48423837,48.98,56.3986666667,46.9406666667,54.884,726357555,0.0,1.0
TSLA,2020-02-06 00:00:00+00:00,748.96,795.83,687.0,699.92,39880752,49.9306666667,53.0553333333,45.8,46.6613333333,598211280,0.0,1.0
TSLA,2020-02-07 00:00:00+00:00,748.07,769.75,730.0,730.55,17063521,49.8713333333,51.3166666667,48.6666666667,48.7033333333,255952815,0.0,1.0
TSLA,2020-02-10 00:00:00+00:00,771.28,819.99,752.4,800.0,24689163,51.4186666667,54.666,50.16,53.3333333333,370337445,0.0,1.0
TSLA,2020-02-11 00:00:00+00:00,774.38,783.51,758.0,768.79,11697473,51.6253333333,52.234,50.5333333333,51.2526666667,175462095,0.0,1.0
TSLA,2020-02-12 00:00:00+00:00,767.29,789.75,763.37,777.87,12022470,51.1526666667,52.65,50.8913333333,51.858,180337050,0.0,1.0
TSLA,2020-02-13 00:00:00+00:00,804.0,818.0,735.0,741.84,26289348,53.6,54.5333333333,49.0,49.456,394340220,0.0,1.0
TSLA,2020-02-14 00:00:00+00:00,800.03,812.97,785.5,787.22,15693711,53.3353333333,54.198,52.3666666667,52.4813333333,235405665,0.0,1.0
TSLA,2020-02-18 00:00:00+00:00,858.4,860.0,832.36,841.6,16698369,57.2266666667,57.3333333333,55.4906666667,56.1066666667,250475535,0.0,1.0
TSLA,2020-02-19 00:00:00+00:00,917.42,944.78,901.02,923.5,25422958,61.1613333333,62.9853333333,60.068,61.5666666667,381344370,0.0,1.0
TSLA,2020-02-20 00:00:00+00:00,899.41,912.0,859.94,911.95,17634893,59.9606666667,60.8,57.3293333333,60.7966666667,264523395,0.0,1.0
TSLA,2020-02-21 00:00:00+00:00,901.0,913.06,880.45,906.98,14339446,60.0666666667,60.8706666667,58.6966666667,60.4653333333,215091690,0.0,1.0
TSLA,2020-02-24 00:00:00+00:00,833.79,863.5,822.2,839.0,15192163,55.586,57.5666666667,54.8133333333,55.9333333333,227882445,0.0,1.0
TSLA,2020-02-25 00:00:00+00:00,799.91,856.6,787.0,849.0,17290481,53.3273333333,57.1066666667,52.4666666667,56.6,259357215,0.0,1.0
TSLA,2020-02-26 00:00:00+00:00,778.8,813.31,776.11,782.5,14153843,51.92,54.2206666667,51.7406666667,52.1666666667,212307645,0.0,1.0
TSLA,2020-02-27 00:00:00+00:00,679.0,739.77,669.0,730.0,24277160,45.2666666667,49.318,44.6,48.6666666667,364157400,0.0,1.0
TSLA,2020-02-28 00:00:00+00:00,667.99,690.52,611.52,629.7,24564171,44.5326666667,46.0346666667,40.768,41.98,368462565,0.0,1.0
TSLA,2020-03-02 00:00:00+00:00,743.62,743.69,686.67,711.26,20194991,49.5746666667,49.5793333333,45.778,47.4173333333,302924865,0.0,1.0
TSLA,2020-03-03 00:00:00+00:00,745.51,806.98,716.11,805.0,25784003,49.7006666667,53.7986666667,47.7406666667,53.6666666667,386760045,0.0,1.0
TSLA,2020-03-04 00:00:00+00:00,749.5,766.52,724.73,763.96,15048977,49.9666666667,51.1013333333,48.3153333333,50.9306666667,225734655,0.0,1.0
TSLA,2020-03-05 00:00:00+00:00,724.54,745.75,718.07,723.77,10852657,48.3026666667,49.7166666667,47.8713333333,48.2513333333,162789855,0.0,1.0
TSLA,2020-03-06 00:00:00+00:00,703.48,707.0,684.27,690.0,12662918,46.8986666667,47.1333333333,45.618,46.0,189943770,0.0,1.0
TSLA,2020-03-09 00:00:00+00:00,608.0,663.0,605.0,605.39,17073740,40.5333333333,44.2,40.3333333333,40.3593333333,256106100,0.0,1.0
TSLA,2020-03-10 00:00:00+00:00,645.33,668.0,608.0,659.43,15594443,43.022,44.5333333333,40.5333333333,43.962,233916645,0.0,1.0
TSLA,2020-03-11 00:00:00+00:00,634.23,653.58,613.0,640.2,13413587,42.282,43.572,40.8666666667,42.68,201203805,0.0,1.0
TSLA,2020-03-12 00:00:00+00:00,560.55,594.5,546.25,580.89,18909052,37.37,39.6333333333,36.4166666667,38.726,283635780,0.0,1.0
TSLA,2020-03-13 00:00:00+00:00,546.62,607.57,502.0,595.0,22640254,36.4413333333,40.5046666667,33.4666666667,39.6666666667,339603810,0.0,1.0
TSLA,2020-03-16 00:00:00+00:00,445.07,494.87,442.17,469.5,20489464,29.6713333333,32.9913333333,29.478,31.3,307341960,0.0,1.0
TSLA,2020-03-17 00:00:00+00:00,430.2,471.85,396.0,440.01,23994580,28.68,31.4566666667,26.4,29.334,359918700,0.0,1.0
TSLA,2020-03-18 00:00:00+00:00,361.22,404.86,350.51,389.0,23625005,24.0813333333,26.9906666667,23.3673333333,25.9333333333,354375075,0.0,1.0
TSLA,2020-03-19 00:00:00+00:00,427.64,452.0,358.46,374.7,30195460,28.5093333333,30.1333333333,23.8973333333,24.98,452931900,0.0,1.0
TSLA,2020-03-20 00:00:00+00:00,427.53,477.0,425.79,438.2,28285502,28.502,31.8,28.386,29.2133333333,424282530,0.0,1.0
TSLA,2020-03-23 00:00:00+00:00,434.29,442.0,410.5,433.6,16454549,28.9526666667,29.4666666667,27.3666666667,28.9066666667,246818235,0.0,1.0
TSLA,2020-03-24 00:00:00+00:00,505.0,513.69,474.0,477.3,22895170,33.6666666667,34.246,31.6,31.82,343427550,0.0,1.0
TSLA,2020-03-25 00:00:00+00:00,539.25,557.0,511.11,545.25,21222745,35.95,37.1333333333,34.074,36.35,318341175,0.0,1.0
TSLA,2020-03-26 00:00:00+00:00,528.16,560.0,512.25,547.39,17422082,35.2106666667,37.3333333333,34.15,36.4926666667,261331230,0.0,1.0
TSLA,2020-03-27 00:00:00+00:00,514.36,525.8,494.03,505.0,14377408,34.2906666667,35.0533333333,32.9353333333,33.6666666667,215661120,0.0,1.0
TSLA,2020-03-30 00:00:00+00:00,502.13,516.65,491.23,510.26,11998067,33.4753333333,34.4433333333,32.7486666667,34.0173333333,179971005,0.0,1.0
TSLA,2020-03-31 00:00:00+00:00,524.0,542.96,497.0,501.25,17771485,34.9333333333,36.1973333333,33.1333333333,33.4166666667,266572275,0.0,1.0
TSLA,2020-04-01 00:00:00+00:00,481.56,513.95,475.1,504.0,13353180,32.104,34.2633333333,31.6733333333,33.6,200297700,0.0,1.0
TSLA,2020-04-02 00:00:00+00:00,454.47,494.26,446.4,481.03,19858427,30.298,32.9506666667,29.76,32.0686666667,297876405,0.0,1.0
TSLA,2020-04-03 00:00:00+00:00,480.01,515.49,468.39,509.5,22562076,32.0006666667,34.366,31.226,33.9666666667,338431140,0.0,1.0
TSLA,2020-04-06 00:00:00+00:00,516.24,521.0,497.96,511.2,14901836,34.416,34.7333333333,33.1973333333,34.08,223527540,0.0,1.0
TSLA,2020-04-07 00:00:00+00:00,545.45,565.0,532.34,545.0,17919784,36.3633333333,37.6666666667,35.4893333333,36.3333333333,268796760,0.0,1.0
TSLA,2020-04-08 00:00:00+00:00,548.84,557.21,533.33,554.2,12656024,36.5893333333,37.1473333333,35.5553333333,36.9466666667,189840360,0.0,1.0
TSLA,2020-04-09 00:00:00+00:00,573.0,575.18,557.11,562.09,13650000,38.2,38.3453333333,37.1406666667,37.4726666667,204750000,0.0,1.0
TSLA,2020-04-13 00:00:00+00:00,650.95,652.0,580.53,590.16,22475421,43.3966666667,43.4666666667,38.702,39.344,337131315,0.0,1.0
TSLA,2020-04-14 00:00:00+00:00,709.89,741.88,692.43,698.97,30576511,47.326,49.4586666667,46.162,46.598,458647665,0.0,1.0
TSLA,2020-04-15 00:00:00+00:00,729.83,753.13,710.0,742.0,23577001,48.6553333333,50.2086666667,47.3333333333,49.4666666667,353655015,0.0,1.0
TSLA,2020-04-16 00:00:00+00:00,745.21,759.45,706.72,716.94,20657862,49.6806666667,50.63,47.1146666667,47.796,309867930,0.0,1.0
TSLA,2020-04-17 00:00:00+00:00,753.89,774.95,747.66,772.28,13128237,50.2593333333,51.6633333333,49.844,51.4853333333,196923555,0.0,1.0
TSLA,2020-04-20 00:00:00+00:00,746.36,765.57,712.21,732.7,14746577,49.7573333333,51.038,47.4806666667,48.8466666667,221198655,0.0,1.0
TSLA,2020-04-21 00:00:00+00:00,686.72,753.33,673.79,730.12,20209093,45.7813333333,50.222,44.9193333333,48.6746666667,303136395,0.0,1.0
TSLA,2020-04-22 00:00:00+00:00,732.11,734.0,688.71,703.98,14224831,48.8073333333,48.9333333333,45.914,46.932,213372465,0.0,1.0
TSLA,2020-04-23 00:00:00+00:00,705.63,734.0,703.13,727.6,13236697,47.042,48.9333333333,46.8753333333,48.5066666667,198550455,0.0,1.0
TSLA,2020-04-24 00:00:00+00:00,725.15,730.73,698.18,710.81,13237612,48.3433333333,48.7153333333,46.5453333333,47.3873333333,198564180,0.0,1.0
TSLA,2020-04-27 00:00:00+00:00,798.75,799.49,735.0,737.61,20681442,53.25,53.2993333333,49.0,49.174,310221630,0.0,1.0
TSLA,2020-04-28 00:00:00+00:00,769.12,805.0,756.69,795.64,15221964,51.2746666667,53.6666666667,50.446,53.0426666667,228329460,0.0,1.0
TSLA,2020-04-29 00:00:00+00:00,800.51,803.2,783.16,790.17,16215982,53.3673333333,53.5466666667,52.2106666667,52.678,243239730,0.0,1.0
TSLA,2020-04-30 00:00:00+00:00,781.88,869.82,763.5,855.19,28471854,52.1253333333,57.988,50.9,57.0126666667,427077810,0.0,1.0
TSLA,2020-05-01 00:00:00+00:00,701.32,772.77,683.04,755.0,32531807,46.7546666667,51.518,45.536,50.3333333333,487977105,0.0,1.0
TSLA,2020-05-04 00:00:00+00:00,761.19,762.0,698.0,701.0,19237090,50.746,50.8,46.5333333333,46.7333333333,288556350,0.0,1.0
TSLA,2020-05-05 00:00:00+00:00,768.21,798.92,762.18,789.79,16991656,51.214,53.2613333333,50.812,52.6526666667,254874840,0.0,1.0
TSLA,2020-05-06 00:00:00+00:00,782.58,789.8,761.11,776.5,11123231,52.172,52.6533333333,50.7406666667,51.7666666667,166848465,0.0,1.0
TSLA,2020-05-07 00:00:00+00:00,780.04,796.4,772.35,777.21,11527686,52.0026666667,53.0933333333,51.49,51.814,172915290,0.0,1.0
TSLA,2020-05-08 00:00:00+00:00,819.42,824.0,787.01,793.77,16130087,54.628,54.9333333333,52.4673333333,52.918,241951305,0.0,1.0
TSLA,2020-05-11 00:00:00+00:00,811.29,824.0,785.0,790.51,16519601,54.086,54.9333333333,52.3333333333,52.7006666667,247794015,0.0,1.0
TSLA,2020-05-12 00:00:00+00:00,809.41,843.29,808.0,827.0,15906905,53.9606666667,56.2193333333,53.8666666667,55.1333333333,238603575,0.0,1.0
TSLA,2020-05-13 00:00:00+00:00,790.96,826.0,763.3,820.83,19065491,52.7306666667,55.0666666667,50.8866666667,54.722,285982365,0.0,1.0
TSLA,2020-05-14 00:00:00+00:00,803.33,803.36,764.0,780.0,13682188,53.5553333333,53.5573333333,50.9333333333,52.0,205232820,0.0,1.0
TSLA,2020-05-15 00:00:00+00:00,799.17,805.05,786.55,790.35,10518428,53.278,53.67,52.4366666667,52.69,157776420,0.0,1.0
TSLA,2020-05-18 00:00:00+00:00,813.63,834.72,803.88,827.78,11698102,54.242,55.648,53.592,55.1853333333,175471530,0.0,1.0
TSLA,2020-05-19 00:00:00+00:00,808.01,822.07,806.08,815.17,9636522,53.8673333333,54.8046666667,53.7386666667,54.3446666667,144547830,0.0,1.0
TSLA,2020-05-20 00:00:00+00:00,815.56,826.0,811.8,820.5,7309271,54.3706666667,55.0666666667,54.12,54.7,109639065,0.0,1.0
TSLA,2020-05-21 00:00:00+00:00,827.6,832.5,796.0,816.0,12182524,55.1733333333,55.5,53.0666666667,54.4,182737860,0.0,1.0
TSLA,2020-05-22 00:00:00+00:00,816.88,831.78,812.0,822.17,9987475,54.4586666667,55.452,54.1333333333,54.8113333333,149812125,0.0,1.0
TSLA,2020-05-26 00:00:00+00:00,818.87,834.6,815.71,834.5,8089736,54.5913333333,55.64,54.3806666667,55.6333333333,121346040,0.0,1.0
TSLA,2020-05-27 00:00:00+00:00,820.23,827.71,785.0,820.86,11549530,54.682,55.1806666667,52.3333333333,54.724,173242950,0.0,1.0
TSLA,2020-05-28 00:00:00+00:00,805.81,824.75,801.69,813.51,7275774,53.7206666667,54.9833333333,53.446,54.234,109136610,0.0,1.0
TSLA,2020-05-29 00:00:00+00:00,835.0,835.0,804.21,808.75,11812489,55.6666666667,55.6666666667,53.614,53.9166666667,177187335,0.0,1.0
TSLA,2020-06-01 00:00:00+00:00,898.1,899.0,854.1,858.0,15085297,59.8733333333,59.9333333333,56.94,57.2,226279455,0.0,1.0
TSLA,2020-06-02 00:00:00+00:00,881.56,908.66,871.0,894.7,13565596,58.7706666667,60.5773333333,58.0666666667,59.6466666667,203483940,0.0,1.0
TSLA,2020-06-03 00:00:00+00:00,882.96,897.94,880.1,888.12,7949469,58.864,59.8626666667,58.6733333333,59.208,119242035,0.0,1.0
TSLA,2020-06-04 00:00:00+00:00,864.38,895.75,858.44,889.88,8887713,57.6253333333,59.7166666667,57.2293333333,59.3253333333,133315695,0.0,1.0
TSLA,2020-06-05 00:00:00+00:00,885.66,886.52,866.2,877.84,7811917,59.044,59.1013333333,57.7466666667,58.5226666667,117178755,0.0,1.0
TSLA,2020-06-08 00:00:00+00:00,949.92,950.0,909.16,919.0,14174727,63.328,63.3333333333,60.6106666667,61.2666666667,212620905,0.0,1.0
TSLA,2020-06-09 00:00:00+00:00,940.67,954.44,923.93,940.01,11388154,62.7113333333,63.6293333333,61.5953333333,62.6673333333,170822310,0.0,1.0
TSLA,2020-06-10 00:00:00+00:00,1025.05,1027.48,982.5,991.88,18563413,68.3366666667,68.4986666667,65.5,66.1253333333,278451195,0.0,1.0
TSLA,2020-06-11 00:00:00+00:00,972.84,1018.96,972.0,990.2,15916482,64.856,67.9306666667,64.8,66.0133333333,238747230,0.0,1.0
TSLA,2020-06-12 00:00:00+00:00,935.28,987.98,912.6,980.0,16763374,62.352,65.8653333333,60.84,65.3333333333,251450610,0.0,1.0
TSLA,2020-06-15 00:00:00+00:00,990.9,998.84,908.5,917.79,15697178,66.06,66.5893333333,60.5666666667,61.186,235457670,0.0,1.0
TSLA,2020-06-16 00:00:00+00:00,982.13,1012.88,962.39,1011.85,14051078,65.4753333333,67.5253333333,64.1593333333,67.4566666667,210766170,0.0,1.0
TSLA,2020-06-17 00:00:00+00:00,991.79,1005.0,982.57,987.71,9890800,66.1193333333,67.0,65.5046666667,65.8473333333,148362000,0.0,1.0
TSLA,2020-06-18 00:00:00+00:00,1003.96,1019.2,994.47,1003.0,9751936,66.9306666667,67.9466666667,66.298,66.8666666667,146279040,0.0,1.0
TSLA,2020-06-19 00:00:00+00:00,1000.9,1015.97,991.34,1012.78,8679749,66.7266666667,67.7313333333,66.0893333333,67.5186666667,130196235,0.0,1.0
TSLA,2020-06-22 00:00:00+00:00,994.32,1008.88,990.02,999.95,6362350,66.288,67.2586666667,66.0013333333,66.6633333333,95435250,0.0,1.0
TSLA,2020-06-23 00:00:00+00:00,1001.78,1012.0,994.01,998.88,6365271,66.7853333333,67.4666666667,66.2673333333,66.592,95479065,0.0,1.0
TSLA,2020-06-24 00:00:00+00:00,960.85,1000.88,953.14,994.11,10959593,64.0566666667,66.7253333333,63.5426666667,66.274,164393895,0.0,1.0
TSLA,2020-06-25 00:00:00+00:00,985.98,985.98,937.15,954.27,9254549,65.732,65.732,62.4766666667,63.618,138818235,0.0,1.0
TSLA,2020-06-26 00:00:00+00:00,959.74,995.0,954.87,994.78,8854908,63.9826666667,66.3333333333,63.658,66.3186666667,132823620,0.0,1.0
TSLA,2020-06-29 00:00:00+00:00,1009.35,1010.0,948.5201,969.01,9026404,67.29,67.3333333333,63.2346733333,64.6006666667,135396060,0.0,1.0
TSLA,2020-06-30 00:00:00+00:00,1079.81,1087.69,1003.73,1006.5,16918501,71.9873333333,72.5126666667,66.9153333333,67.1,253777515,0.0,1.0
TSLA,2020-07-01 00:00:00+00:00,1119.63,1135.33,1080.5,1083.0,13326897,74.642,75.6886666667,72.0333333333,72.2,199903455,0.0,1.0
TSLA,2020-07-02 00:00:00+00:00,1208.66,1228.0,1185.6,1221.48,17250127,80.5773333333,81.8666666667,79.04,81.432,258751905,0.0,1.0
TSLA,2020-07-06 00:00:00+00:00,1371.58,1377.79,1266.04,1276.69,20570284,91.4386666667,91.8526666667,84.4026666667,85.1126666667,308554260,0.0,1.0
TSLA,2020-07-07 00:00:00+00:00,1389.86,1429.5,1336.71,1405.01,21493301,92.6573333333,95.3,89.114,93.6673333333,322399515,0.0,1.0
TSLA,2020-07-08 00:00:00+00:00,1365.88,1417.26,1311.34,1405.0,16330188,91.0586666667,94.484,87.4226666667,93.6666666667,244952820,0.0,1.0
TSLA,2020-07-09 00:00:00+00:00,1394.28,1408.56,1351.28,1396.99,11718292,92.952,93.904,90.0853333333,93.1326666667,175774380,0.0,1.0
TSLA,2020-07-10 00:00:00+00:00,1544.65,1548.92,1376.01,1396.0,23346353,102.9766666667,103.2613333333,91.734,93.0666666667,350195295,0.0,1.0
TSLA,2020-07-13 00:00:00+00:00,1497.06,1794.99,1471.11,1659.0,39003179,99.804,119.666,98.074,110.6,585047685,0.0,1.0
TSLA,2020-07-14 00:00:00+00:00,1516.8,1590.0,1431.0,1556.0,23428079,101.12,106.0,95.4,103.7333333333,351421185,0.0,1.0
TSLA,2020-07-15 00:00:00+00:00,1546.01,1550.0,1457.0,1543.0,16368690,103.0673333333,103.3333333333,97.1333333333,102.8666666667,245530350,0.0,1.0
TSLA,2020-07-16 00:00:00+00:00,1500.64,1531.71,1466.0,1477.16,14300795,100.0426666667,102.114,97.7333333333,98.4773333333,214511925,0.0,1.0
TSLA,2020-07-17 00:00:00+00:00,1500.84,1537.51,1490.0,1513.45,9332637,100.056,102.5006666667,99.3333333333,100.8966666667,139989555,0.0,1.0
TSLA,2020-07-20 00:00:00+00:00,1643.0,1650.0,1488.0,1519.01,16697299,109.5333333333,110.0,99.2,101.2673333333,250459485,0.0,1.0
TSLA,2020-07-21 00:00:00+00:00,1568.36,1675.0,1558.0,1639.93,16029826,104.5573333333,111.6666666667,103.8666666667,109.3286666667,240447390,0.0,1.0
TSLA,2020-07-22 00:00:00+00:00,1592.33,1626.42,1562.0,1599.0,14161080,106.1553333333,108.428,104.1333333333,106.6,212416200,0.0,1.0
TSLA,2020-07-23 00:00:00+00:00,1513.07,1689.0,1480.77,1678.95,24328504,100.8713333333,112.6,98.718,111.93,364927560,0.0,1.0
TSLA,2020-07-24 00:00:00+00:00,1417.0,1465.0,1366.5401,1416.01,19396616,94.4666666667,97.6666666667,91.1026733333,94.4006666667,290949240,0.0,1.0
TSLA,2020-07-27 00:00:00+00:00,1539.6,1547.94,1413.0003,1435.0,16048669,102.64,103.196,94.20002,95.6666666667,240730035,0.0,1.0
TSLA,2020-07-28 00:00:00+00:00,1476.49,1564.7,1474.42,1504.0,15808700,98.4326666667,104.3133333333,98.2946666667,100.2666666667,237130500,0.0,1.0
TSLA,2020-07-29 00:00:00+00:00,1499.11,1534.81,1487.0,1501.0,9426893,99.9406666667,102.3206666667,99.1333333333,100.0666666667,141403395,0.0,1.0
TSLA,2020-07-30 00:00:00+00:00,1487.49,1513.24,1471.0,1488.0,7621039,99.166,100.8826666667,98.0666666667,99.2,114315585,0.0,1.0
TSLA,2020-07-31 00:00:00+00:00,1430.76,1517.05,1420.98,1515.0,12246960,95.384,101.1366666667,94.732,101.0,183704400,0.0,1.0
TSLA,2020-08-03 00:00:00+00:00,1485.0,1509.8101,1444.3844,1449.2,8809346,99.0,100.6540066667,96.2922933333,96.6133333333,132140190,0.0,1.0
TSLA,2020-08-04 00:00:00+00:00,1487.0,1527.41,1462.0,1495.01,8414990,99.1333333333,101.8273333333,97.4666666667,99.6673333333,126224850,0.0,1.0
TSLA,2020-08-05 00:00:00+00:00,1485.02,1499.8384,1468.31,1492.99,4978015,99.0013333333,99.9892266667,97.8873333333,99.5326666667,74670225,0.0,1.0
TSLA,2020-08-06 00:00:00+00:00,1489.58,1517.31,1477.26,1490.83,5992313,99.3053333333,101.154,98.484,99.3886666667,89884695,0.0,1.0
TSLA,2020-08-07 00:00:00+00:00,1452.71,1499.75,1415.01,1499.5365,8896420,96.8473333333,99.9833333333,94.334,99.9691,133446300,0.0,1.0
TSLA,2020-08-10 00:00:00+00:00,1418.57,1457.5,1385.84,1448.0,7522264,94.5713333333,97.1666666667,92.3893333333,96.5333333333,112833960,0.0,1.0
TSLA,2020-08-11 00:00:00+00:00,1374.39,1420.0,1365.0,1396.0,8625834,91.626,94.6666666667,91.0,93.0666666667,129387510,0.0,1.0
TSLA,2020-08-12 00:00:00+00:00,1554.76,1585.0,1435.0,1470.0,21898834,103.6506666667,105.6666666667,95.6666666667,98.0,328482510,0.0,1.0
TSLA,2020-08-13 00:00:00+00:00,1621.0,1651.18,1567.26,1611.0,20425308,108.0666666667,110.0786666667,104.484,107.4,306379620,0.0,1.0
TSLA,2020-08-14 00:00:00+00:00,1650.71,1668.8,1626.64,1664.99,12577614,110.0473333333,111.2533333333,108.4426666667,110.9993333333,188664210,0.0,1.0
TSLA,2020-08-17 00:00:00+00:00,1835.64,1845.86,1672.83,1677.0,20023104,122.376,123.0573333333,111.522,111.8,300346560,0.0,1.0
TSLA,2020-08-18 00:00:00+00:00,1887.09,1923.9,1845.11,1898.99,16474491,125.806,128.26,123.0073333333,126.5993333333,247117365,0.0,1.0
TSLA,2020-08-19 00:00:00+00:00,1878.53,1911.0,1841.21,1865.0,12205331,125.2353333333,127.4,122.7473333333,124.3333333333,183079965,0.0,1.0
TSLA,2020-08-20 00:00:00+00:00,2001.83,2021.99,1857.06,1860.68,20611796,133.4553333333,134.7993333333,123.804,124.0453333333,309176940,0.0,1.0
TSLA,2020-08-21 00:00:00+00:00,2049.98,2095.49,2025.05,2044.76,21489559,136.6653333333,139.6993333333,135.0033333333,136.3173333333,322343385,0.0,1.0
TSLA,2020-08-24 00:00:00+00:00,2014.2,2129.0,1927.52,2126.275,20063621,134.28,141.9333333333,128.5013333333,141.7516666667,300954315,0.0,1.0
TSLA,2020-08-25 00:00:00+00:00,2023.34,2027.95,1968.0,1974.89,10658893,134.8893333333,135.1966666667,131.2,131.6593333333,159883395,0.0,1.0
TSLA,2020-08-26 00:00:00+00:00,2153.17,2166.0,2053.6291,2060.0,14239382,143.5446666667,144.4,136.9086066667,137.3333333333,213590730,0.0,1.0
TSLA,2020-08-27 00:00:00+00:00,2238.75,2295.6,2142.5,2180.46,23693043,149.25,153.04,142.8333333333,145.364,355395645,0.0,1.0
TSLA,2020-08-28 00:00:00+00:00,2213.4,2318.49,2186.52,2295.12,20081176,147.56,154.566,145.768,153.008,301217640,0.0,1.0
TSLA,2020-08-31 00:00:00+00:00,498.32,500.14,440.11,444.61,115847020,166.1066666667,166.7133333333,146.7033333333,148.2033333333,347541060,0.0,5.0
TSLA,2020-09-01 00:00:00+00:00,475.05,502.49,470.51,502.14,90119419,158.35,167.4966666667,156.8366666667,167.38,270358257,0.0,1.0
TSLA,2020-09-02 00:00:00+00:00,447.37,479.04,405.1206,478.99,96176128,149.1233333333,159.68,135.0402,159.6633333333,288528384,0.0,1.0
TSLA,2020-09-03 00:00:00+00:00,407.0,431.8,402.0,407.23,87596086,135.6666666667,143.9333333333,134.0,135.7433333333,262788258,0.0,1.0
TSLA,2020-09-04 00:00:00+00:00,418.32,428.0,372.0201,402.81,110321885,139.44,142.6666666667,124.0067,134.27,330965655,0.0,1.0
TSLA,2020-09-08 00:00:00+00:00,330.21,368.74,329.88,356.0,115465691,110.07,122.9133333333,109.96,118.6666666667,346397073,0.0,1.0
TSLA,2020-09-09 00:00:00+00:00,366.28,369.0,341.51,356.6,79465769,122.0933333333,123.0,113.8366666667,118.8666666667,238397307,0.0,1.0
TSLA,2020-09-10 00:00:00+00:00,371.34,398.99,360.56,386.21,84930608,123.78,132.9966666667,120.1866666667,128.7366666667,254791824,0.0,1.0
TSLA,2020-09-11 00:00:00+00:00,372.72,382.5,360.5,381.94,60717459,124.24,127.5,120.1666666667,127.3133333333,182152377,0.0,1.0
TSLA,2020-09-14 00:00:00+00:00,419.62,420.0,373.3,380.95,83020608,139.8733333333,140.0,124.4333333333,126.9833333333,249061824,0.0,1.0
TSLA,2020-09-15 00:00:00+00:00,449.76,461.94,430.7,436.56,97298228,149.92,153.98,143.5666666667,145.52,291894684,0.0,1.0
TSLA,2020-09-16 00:00:00+00:00,441.76,457.79,435.31,439.87,72546760,147.2533333333,152.5966666667,145.1033333333,146.6233333333,217640280,0.0,1.0
TSLA,2020-09-17 00:00:00+00:00,423.43,437.79,408.0001,415.6,76779163,141.1433333333,145.93,136.0000333333,138.5333333333,230337489,0.0,1.0
TSLA,2020-09-18 00:00:00+00:00,442.15,451.0,428.8,447.94,86406819,147.3833333333,150.3333333333,142.9333333333,149.3133333333,259220457,0.0,1.0
TSLA,2020-09-21 00:00:00+00:00,449.39,455.68,407.07,453.13,109476800,149.7966666667,151.8933333333,135.69,151.0433333333,328430400,0.0,1.0
TSLA,2020-09-22 00:00:00+00:00,424.23,437.76,417.6001,429.6,79580795,141.41,145.92,139.2000333333,143.2,238742385,0.0,1.0
TSLA,2020-09-23 00:00:00+00:00,380.36,412.15,375.8801,405.16,95074176,126.7866666667,137.3833333333,125.2933666667,135.0533333333,285222528,0.0,1.0
TSLA,2020-09-24 00:00:00+00:00,387.79,399.5,351.3,363.8,96561061,129.2633333333,133.1666666667,117.1,121.2666666667,289683183,0.0,1.0
TSLA,2020-09-25 00:00:00+00:00,407.34,408.7323,391.3,393.47,67208459,135.78,136.2441,130.4333333333,131.1566666667,201625377,0.0,1.0
TSLA,2020-09-28 00:00:00+00:00,421.2,428.08,415.55,424.62,49719561,140.4,142.6933333333,138.5166666667,141.54,149158683,0.0,1.0
TSLA,2020-09-29 00:00:00+00:00,419.07,428.5,411.6,416.0,50341404,139.69,142.8333333333,137.2,138.6666666667,151024212,0.0,1.0
TSLA,2020-09-30 00:00:00+00:00,429.01,433.93,420.47,421.32,48145566,143.0033333333,144.6433333333,140.1566666667,140.44,144436698,0.0,1.0
TSLA,2020-10-01 00:00:00+00:00,448.16,448.88,434.42,440.76,50741454,149.3866666667,149.6266666667,144.8066666667,146.92,152224362,0.0,1.0
TSLA,2020-10-02 00:00:00+00:00,415.09,439.13,415.0,421.39,71430025,138.3633333333,146.3766666667,138.3333333333,140.4633333333,214290075,0.0,1.0
TSLA,2020-10-05 00:00:00+00:00,425.68,433.64,419.33,423.35,44722786,141.8933333333,144.5466666667,139.7766666667,141.1166666667,134168358,0.0,1.0
TSLA,2020-10-06 00:00:00+00:00,413.98,428.7799,406.05,423.79,49146259,137.9933333333,142.9266333333,135.35,141.2633333333,147438777,0.0,1.0
TSLA,2020-10-07 00:00:00+00:00,425.3,429.9,413.845,419.87,43127709,141.7666666667,143.3,137.9483333333,139.9566666667,129383127,0.0,1.0
TSLA,2020-10-08 00:00:00+00:00,425.92,439.0,425.3,438.44,40421116,141.9733333333,146.3333333333,141.7666666667,146.1466666667,121263348,0.0,1.0
TSLA,2020-10-09 00:00:00+00:00,434.0,434.5899,426.4601,430.13,28925656,144.6666666667,144.8633,142.1533666667,143.3766666667,86776968,0.0,1.0
TSLA,2020-10-12 00:00:00+00:00,442.3,448.74,438.58,442.0,38791133,147.4333333333,149.58,146.1933333333,147.3333333333,116373399,0.0,1.0
TSLA,2020-10-13 00:00:00+00:00,446.65,448.89,436.6,443.35,34463665,148.8833333333,149.63,145.5333333333,147.7833333333,103390995,0.0,1.0
TSLA,2020-10-14 00:00:00+00:00,461.3,465.9,447.35,449.78,48045394,153.7666666667,155.3,149.1166666667,149.9266666667,144136182,0.0,1.0
TSLA,2020-10-15 00:00:00+00:00,448.88,456.57,442.5,450.31,35672354,149.6266666667,152.19,147.5,150.1033333333,107017062,0.0,1.0
TSLA,2020-10-16 00:00:00+00:00,439.67,455.9499,438.85,454.44,32775879,146.5566666667,151.9833,146.2833333333,151.48,98327637,0.0,1.0
TSLA,2020-10-19 00:00:00+00:00,430.83,447.0,428.87,446.24,36287843,143.61,149.0,142.9566666667,148.7466666667,108863529,0.0,1.0
TSLA,2020-10-20 00:00:00+00:00,421.94,431.75,419.0501,431.75,31656289,140.6466666667,143.9166666667,139.6833666667,143.9166666667,94968867,0.0,1.0
TSLA,2020-10-21 00:00:00+00:00,422.64,432.95,421.25,422.7,32370461,140.88,144.3166666667,140.4166666667,140.9,97111383,0.0,1.0
TSLA,2020-10-22 00:00:00+00:00,425.79,445.23,424.51,441.92,39993191,141.93,148.41,141.5033333333,147.3066666667,119979573,0.0,1.0
TSLA,2020-10-23 00:00:00+00:00,420.63,422.8859,407.3801,421.84,33716980,140.21,140.9619666667,135.7933666667,140.6133333333,101150940,0.0,1.0
TSLA,2020-10-26 00:00:00+00:00,420.28,425.76,410.0,411.63,28239161,140.0933333333,141.92,136.6666666667,137.21,84717483,0.0,1.0
TSLA,2020-10-27 00:00:00+00:00,424.68,430.5,420.1,423.76,22686506,141.56,143.5,140.0333333333,141.2533333333,68059518,0.0,1.0
TSLA,2020-10-28 00:00:00+00:00,406.02,418.6,406.0,416.48,25451409,135.34,139.5333333333,135.3333333333,138.8266666667,76354227,0.0,1.0
TSLA,2020-10-29 00:00:00+00:00,410.83,418.06,406.46,409.96,22655308,136.9433333333,139.3533333333,135.4866666667,136.6533333333,67965924,0.0,1.0
TSLA,2020-10-30 00:00:00+00:00,388.04,407.5915,379.11,406.8954,42587639,129.3466666667,135.8638333333,126.37,135.6318,127762917,0.0,1.0
TSLA,2020-11-02 00:00:00+00:00,400.51,406.9799,392.3,394.0,29021118,133.5033333333,135.6599666667,130.7666666667,131.3333333333,87063354,0.0,1.0
TSLA,2020-11-03 00:00:00+00:00,423.9,427.77,406.69,409.73,34351715,141.3,142.59,135.5633333333,136.5766666667,103055145,0.0,1.0
TSLA,2020-11-04 00:00:00+00:00,420.98,435.4,417.1,430.62,32143057,140.3266666667,145.1333333333,139.0333333333,143.54,96429171,0.0,1.0
TSLA,2020-11-05 00:00:00+00:00,438.09,440.0,424.0001,428.3,28414523,146.03,146.6666666667,141.3333666667,142.7666666667,85243569,0.0,1.0
TSLA,2020-11-06 00:00:00+00:00,429.95,436.57,424.28,436.1,21706014,143.3166666667,145.5233333333,141.4266666667,145.3666666667,65118042,0.0,1.0
TSLA,2020-11-09 00:00:00+00:00,421.26,452.5,421.0,439.5,34833025,140.42,150.8333333333,140.3333333333,146.5,104499075,0.0,1.0
TSLA,2020-11-10 00:00:00+00:00,410.36,420.09,396.0301,420.09,30284224,136.7866666667,140.03,132.0100333333,140.03,90852672,0.0,1.0
TSLA,2020-11-11 00:00:00+00:00,417.13,418.695,410.58,416.45,17357722,139.0433333333,139.565,136.86,138.8166666667,52073166,0.0,1.0
TSLA,2020-11-12 00:00:00+00:00,411.76,423.0,409.52,415.05,19940500,137.2533333333,141.0,136.5066666667,138.35,59821500,0.0,1.0
TSLA,2020-11-13 00:00:00+00:00,408.5,412.5319,401.66,410.85,19830351,136.1666666667,137.5106333333,133.8866666667,136.95,59491053,0.0,1.0
TSLA,2020-11-16 00:00:00+00:00,408.09,412.45,404.0868,408.93,26838635,136.03,137.4833333333,134.6956,136.31,80515905,0.0,1.0
TSLA,2020-11-17 00:00:00+00:00,441.61,462.0,433.01,460.17,61188281,147.2033333333,154.0,144.3366666667,153.39,183564843,0.0,1.0
TSLA,2020-11-18 00:00:00+00:00,486.64,496.0,443.5001,448.35,78044024,162.2133333333,165.3333333333,147.8333666667,149.45,234132072,0.0,1.0
TSLA,2020-11-19 00:00:00+00:00,499.27,508.6112,487.57,492.0,62475346,166.4233333333,169.5370666667,162.5233333333,164.0,187426038,0.0,1.0
TSLA,2020-11-20 00:00:00+00:00,489.61,502.5,489.06,497.99,32911922,163.2033333333,167.5,163.02,165.9966666667,98735766,0.0,1.0
TSLA,2020-11-23 00:00:00+00:00,521.85,526.0,501.79,503.5,50260304,173.95,175.3333333333,167.2633333333,167.8333333333,150780912,0.0,1.0
TSLA,2020-11-24 00:00:00+00:00,555.38,559.99,526.2,540.4,52058771,185.1266666667,186.6633333333,175.4,180.1333333333,156176313,0.0,1.0
TSLA,2020-11-25 00:00:00+00:00,574.0,574.0,545.37,550.06,48930162,191.3333333333,191.3333333333,181.79,183.3533333333,146790486,0.0,1.0
TSLA,2020-11-27 00:00:00+00:00,585.76,598.78,578.45,581.16,37561078,195.2533333333,199.5933333333,192.8166666667,193.72,112683234,0.0,1.0
TSLA,2020-11-30 00:00:00+00:00,567.6,607.8,554.51,602.21,63003052,189.2,202.6,184.8366666667,200.7366666667,189009156,0.0,1.0
TSLA,2020-12-01 00:00:00+00:00,584.76,597.85,572.05,597.59,39133346,194.92,199.2833333333,190.6833333333,199.1966666667,117400038,0.0,1.0
TSLA,2020-12-02 00:00:00+00:00,568.82,571.54,541.21,556.44,47775653,189.6066666667,190.5133333333,180.4033333333,185.48,143326959,0.0,1.0
TSLA,2020-12-03 00:00:00+00:00,593.38,598.97,582.43,590.02,42552003,197.7933333333,199.6566666667,194.1433333333,196.6733333333,127656009,0.0,1.0
TSLA,2020-12-04 00:00:00+00:00,599.04,599.04,585.5,591.01,29401314,199.68,199.68,195.1666666667,197.0033333333,88203942,0.0,1.0
TSLA,2020-12-07 00:00:00+00:00,641.76,648.7856,603.05,604.9197,56309709,213.92,216.2618666667,201.0166666667,201.6399,168929127,0.0,1.0
TSLA,2020-12-08 00:00:00+00:00,649.88,651.28,618.5,625.505,64265029,216.6266666667,217.0933333333,206.1666666667,208.5016666667,192795087,0.0,1.0
TSLA,2020-12-09 00:00:00+00:00,604.48,654.32,588.0,653.69,71291190,201.4933333333,218.1066666667,196.0,217.8966666667,213873570,0.0,1.0
TSLA,2020-12-10 00:00:00+00:00,627.07,627.75,566.34,574.37,67083153,209.0233333333,209.25,188.78,191.4566666667,201249459,0.0,1.0
TSLA,2020-12-11 00:00:00+00:00,609.99,624.0,596.8,615.01,46474974,203.33,208.0,198.9333333333,205.0033333333,139424922,0.0,1.0
TSLA,2020-12-14 00:00:00+00:00,639.83,642.7499,610.2001,619.0,52040649,213.2766666667,214.2499666667,203.4000333333,206.3333333333,156121947,0.0,1.0
TSLA,2020-12-15 00:00:00+00:00,633.25,646.9,623.8,643.28,45223559,211.0833333333,215.6333333333,207.9333333333,214.4266666667,135670677,0.0,1.0
TSLA,2020-12-16 00:00:00+00:00,622.77,632.5,605.0,628.23,42095813,207.59,210.8333333333,201.6666666667,209.41,126287439,0.0,1.0
TSLA,2020-12-17 00:00:00+00:00,655.9,658.82,619.5,628.19,56270144,218.6333333333,219.6066666667,206.5,209.3966666667,168810432,0.0,1.0
TSLA,2020-12-18 00:00:00+00:00,695.0,695.0,628.54,668.9,222126194,231.6666666667,231.6666666667,209.5133333333,222.9666666667,666378582,0.0,1.0
TSLA,2020-12-21 00:00:00+00:00,649.86,668.5,646.07,666.24,58045264,216.62,222.8333333333,215.3566666667,222.08,174135792,0.0,1.0
TSLA,2020-12-22 00:00:00+00:00,640.34,649.88,614.23,648.0,51861644,213.4466666667,216.6266666667,204.7433333333,216.0,155584932,0.0,1.0
TSLA,2020-12-23 00:00:00+00:00,645.98,651.4999,622.5701,632.2,33172972,215.3266666667,217.1666333333,207.5233666667,210.7333333333,99518916,0.0,1.0
TSLA,2020-12-24 00:00:00+00:00,661.77,666.09,641.0,642.99,22865568,220.59,222.03,213.6666666667,214.33,68596704,0.0,1.0
TSLA,2020-12-28 00:00:00+00:00,663.69,681.4,660.8,674.51,31553561,221.23,227.1333333333,220.2666666667,224.8366666667,94660683,0.0,1.0
TSLA,2020-12-29 00:00:00+00:00,665.99,669.9,655.0,661.0,22910811,221.9966666667,223.3,218.3333333333,220.3333333333,68732433,0.0,1.0
TSLA,2020-12-30 00:00:00+00:00,694.78,696.6,668.3603,672.0,42846021,231.5933333333,232.2,222.7867666667,224.0,128538063,0.0,1.0
TSLA,2020-12-31 00:00:00+00:00,705.67,718.72,691.12,699.99,49649928,235.2233333333,239.5733333333,230.3733333333,233.33,148949784,0.0,1.0
TSLA,2021-01-04 00:00:00+00:00,729.77,744.4899,717.1895,719.46,48638189,243.2566666667,248.1633,239.0631666667,239.82,145914567,0.0,1.0
TSLA,2021-01-05 00:00:00+00:00,735.11,740.84,719.2,723.66,32245165,245.0366666667,246.9466666667,239.7333333333,241.22,96735495,0.0,1.0
TSLA,2021-01-06 00:00:00+00:00,755.98,774.0,749.1,758.49,44699965,251.9933333333,258.0,249.7,252.83,134099895,0.0,1.0
TSLA,2021-01-07 00:00:00+00:00,816.04,816.99,775.2,777.63,51498948,272.0133333333,272.33,258.4,259.21,154496844,0.0,1.0
TSLA,2021-01-08 00:00:00+00:00,880.02,884.49,838.39,856.0,75055528,293.34,294.83,279.4633333333,285.3333333333,225166584,0.0,1.0
TSLA,2021-01-11 00:00:00+00:00,811.19,854.43,803.6222,849.4,59554146,270.3966666667,284.81,267.8740666667,283.1333333333,178662438,0.0,1.0
TSLA,2021-01-12 00:00:00+00:00,849.44,868.0,827.34,831.0,45985569,283.1466666667,289.3333333333,275.78,277.0,137956707,0.0,1.0
TSLA,2021-01-13 00:00:00+00:00,854.41,860.47,832.0,852.76,33312496,284.8033333333,286.8233333333,277.3333333333,284.2533333333,99937488,0.0,1.0
TSLA,2021-01-14 00:00:00+00:00,845.0,863.0,838.75,843.39,31266327,281.6666666667,287.6666666667,279.5833333333,281.13,93798981,0.0,1.0
TSLA,2021-01-15 00:00:00+00:00,826.16,859.9,819.1,852.0,38777596,275.3866666667,286.6333333333,273.0333333333,284.0,116332788,0.0,1.0
TSLA,2021-01-19 00:00:00+00:00,844.55,850.0,833.0,837.8,25366980,281.5166666667,283.3333333333,277.6666666667,279.2666666667,76100940,0.0,1.0
TSLA,2021-01-20 00:00:00+00:00,850.45,859.5,837.28,858.74,25665883,283.4833333333,286.5,279.0933333333,286.2466666667,76997649,0.0,1.0
TSLA,2021-01-21 00:00:00+00:00,844.99,855.7199,841.4201,855.0,20598133,281.6633333333,285.2399666667,280.4733666667,285.0,61794399,0.0,1.0
TSLA,2021-01-22 00:00:00+00:00,846.64,848.0,828.62,834.31,20066497,282.2133333333,282.6666666667,276.2066666667,278.1033333333,60199491,0.0,1.0
TSLA,2021-01-25 00:00:00+00:00,880.8,900.4,838.8201,855.0,41173397,293.6,300.1333333333,279.6067,285.0,123520191,0.0,1.0
TSLA,2021-01-26 00:00:00+00:00,883.09,895.9,871.6,891.38,23131603,294.3633333333,298.6333333333,290.5333333333,297.1266666667,69394809,0.0,1.0
TSLA,2021-01-27 00:00:00+00:00,864.16,891.5,858.66,870.35,27333955,288.0533333333,297.1666666667,286.22,290.1166666667,82001865,0.0,1.0
TSLA,2021-01-28 00:00:00+00:00,835.43,848.0,801.0,820.0,26378048,278.4766666667,282.6666666667,267.0,273.3333333333,79134144,0.0,1.0
TSLA,2021-01-29 00:00:00+00:00,793.53,842.41,780.1,830.0003,34990754,264.51,280.8033333333,260.0333333333,276.6667666667,104972262,0.0,1.0
TSLA,2021-02-01 00:00:00+00:00,839.81,842.0,795.5601,814.29,25391385,279.9366666667,280.6666666667,265.1867,271.43,76174155,0.0,1.0
TSLA,2021-02-02 00:00:00+00:00,872.79,880.5,842.2006,844.68,23998098,290.93,293.5,280.7335333333,281.56,71994294,0.0,1.0
TSLA,2021-02-03 00:00:00+00:00,854.69,878.08,853.0646,877.02,18343510,284.8966666667,292.6933333333,284.3548666667,292.34,55030530,0.0,1.0
TSLA,2021-02-04 00:00:00+00:00,849.99,856.5,833.42,855.0,15812661,283.33,285.5,277.8066666667,285.0,47437983,0.0,1.0
TSLA,2021-02-05 00:00:00+00:00,852.23,864.77,838.97,845.0,18566637,284.0766666667,288.2566666667,279.6566666667,281.6666666667,55699911,0.0,1.0
TSLA,2021-02-08 00:00:00+00:00,863.42,877.77,854.75,869.67,20161719,287.8066666667,292.59,284.9166666667,289.89,60485157,0.0,1.0
TSLA,2021-02-09 00:00:00+00:00,849.46,859.8,841.75,855.12,15027305,283.1533333333,286.6,280.5833333333,285.04,45081915,0.0,1.0
TSLA,2021-02-10 00:00:00+00:00,804.82,844.82,800.02,843.635,35723444,268.2733333333,281.6066666667,266.6733333333,281.2116666667,107170332,0.0,1.0
TSLA,2021-02-11 00:00:00+00:00,811.66,829.8799,801.725,812.44,21622753,270.5533333333,276.6266333333,267.2416666667,270.8133333333,64868259,0.0,1.0
TSLA,2021-02-12 00:00:00+00:00,816.12,817.33,785.3306,801.26,23768313,272.04,272.4433333333,261.7768666667,267.0866666667,71304939,0.0,1.0
TSLA,2021-02-16 00:00:00+00:00,796.22,821.0,792.44,818.0,19802324,265.4066666667,273.6666666667,264.1466666667,272.6666666667,59406972,0.0,1.0
TSLA,2021-02-17 00:00:00+00:00,798.15,799.84,762.01,779.09,25878526,266.05,266.6133333333,254.0033333333,259.6966666667,77635578,0.0,1.0
TSLA,2021-02-18 00:00:00+00:00,787.38,794.69,776.27,780.9,17957058,262.46,264.8966666667,258.7566666667,260.3,53871174,0.0,1.0
TSLA,2021-02-19 00:00:00+00:00,781.3,796.7899,777.37,795.0,18958255,260.4333333333,265.5966333333,259.1233333333,265.0,56874765,0.0,1.0
TSLA,2021-02-22 00:00:00+00:00,714.5,768.5,710.2,762.64,36594555,238.1666666667,256.1666666667,236.7333333333,254.2133333333,109783665,0.0,1.0
TSLA,2021-02-23 00:00:00+00:00,698.84,713.6099,619.0,662.13,66606882,232.9466666667,237.8699666667,206.3333333333,220.71,199820646,0.0,1.0
TSLA,2021-02-24 00:00:00+00:00,742.02,745.0,694.17,711.85,36766950,247.34,248.3333333333,231.39,237.2833333333,110300850,0.0,1.0
TSLA,2021-02-25 00:00:00+00:00,682.22,737.2066,670.58,726.15,38126722,227.4066666667,245.7355333333,223.5266666667,242.05,114380166,0.0,1.0
TSLA,2021-02-26 00:00:00+00:00,675.5,706.7,659.51,700.0,39767316,225.1666666667,235.5666666667,219.8366666667,233.3333333333,119301948,0.0,1.0
TSLA,2021-03-01 00:00:00+00:00,718.43,719.0,685.05,690.11,27136239,239.4766666667,239.6666666667,228.35,230.0366666667,81408717,0.0,1.0
TSLA,2021-03-02 00:00:00+00:00,686.44,721.11,685.0,718.28,23732158,228.8133333333,240.37,228.3333333333,239.4266666667,71196474,0.0,1.0
TSLA,2021-03-03 00:00:00+00:00,653.2,700.7,651.705,687.99,30207960,217.7333333333,233.5666666667,217.235,229.33,90623880,0.0,1.0
TSLA,2021-03-04 00:00:00+00:00,621.44,668.45,600.0,655.8,64799898,207.1466666667,222.8166666667,200.0,218.6,194399694,0.0,1.0
TSLA,2021-03-05 00:00:00+00:00,597.95,627.8419,539.49,626.06,89396459,199.3166666667,209.2806333333,179.83,208.6866666667,268189377,0.0,1.0
TSLA,2021-03-08 00:00:00+00:00,563.0,620.125,558.79,600.55,51786958,187.6666666667,206.7083333333,186.2633333333,200.1833333333,155360874,0.0,1.0
TSLA,2021-03-09 00:00:00+00:00,673.58,678.09,595.21,608.18,67523328,224.5266666667,226.03,198.4033333333,202.7266666667,202569984,0.0,1.0
TSLA,2021-03-10 00:00:00+00:00,668.06,717.85,655.06,700.3,60605672,222.6866666667,239.2833333333,218.3533333333,233.4333333333,181817016,0.0,1.0
TSLA,2021-03-11 00:00:00+00:00,699.6,702.5,677.18,699.4,36253892,233.2,234.1666666667,225.7266666667,233.1333333333,108761676,0.0,1.0
TSLA,2021-03-12 00:00:00+00:00,693.73,694.88,666.1394,670.0,33583840,231.2433333333,231.6266666667,222.0464666667,223.3333333333,100751520,0.0,1.0
TSLA,2021-03-15 00:00:00+00:00,707.94,713.18,684.04,694.09,29423479,235.98,237.7266666667,228.0133333333,231.3633333333,88270437,0.0,1.0
TSLA,2021-03-16 00:00:00+00:00,676.88,707.92,671.0,703.35,32195672,225.6266666667,235.9733333333,223.6666666667,234.45,96587016,0.0,1.0
TSLA,2021-03-17 00:00:00+00:00,701.81,703.73,651.01,656.87,40372453,233.9366666667,234.5766666667,217.0033333333,218.9566666667,121117359,0.0,1.0
TSLA,2021-03-18 00:00:00+00:00,653.16,689.23,652.0,684.29,33369022,217.72,229.7433333333,217.3333333333,228.0966666667,100107066,0.0,1.0
TSLA,2021-03-19 00:00:00+00:00,654.87,657.23,624.6201,646.6,42893978,218.29,219.0766666667,208.2067,215.5333333333,128681934,0.0,1.0
TSLA,2021-03-22 00:00:00+00:00,670.0,699.62,668.75,684.59,39512221,223.3333333333,233.2066666667,222.9166666667,228.1966666667,118536663,0.0,1.0
TSLA,2021-03-23 00:00:00+00:00,662.16,677.8,657.51,675.77,30491870,220.72,225.9333333333,219.17,225.2566666667,91475610,0.0,1.0
TSLA,2021-03-24 00:00:00+00:00,630.27,668.02,630.11,667.91,33795174,210.09,222.6733333333,210.0366666667,222.6366666667,101385522,0.0,1.0
TSLA,2021-03-25 00:00:00+00:00,640.39,645.5,609.5,613.0,39224850,213.4633333333,215.1666666667,203.1666666667,204.3333333333,117674550,0.0,1.0
TSLA,2021-03-26 00:00:00+00:00,618.71,643.82,599.89,641.87,33852827,206.2366666667,214.6066666667,199.9633333333,213.9566666667,101558481,0.0,1.0
TSLA,2021-03-29 00:00:00+00:00,611.29,616.48,596.02,615.64,28636985,203.7633333333,205.4933333333,198.6733333333,205.2133333333,85910955,0.0,1.0
TSLA,2021-03-30 00:00:00+00:00,635.62,637.66,591.01,601.75,39432359,211.8733333333,212.5533333333,197.0033333333,200.5833333333,118297077,0.0,1.0
TSLA,2021-03-31 00:00:00+00:00,667.93,672.0,641.11,646.62,33337288,222.6433333333,224.0,213.7033333333,215.54,100011864,0.0,1.0
TSLA,2021-04-01 00:00:00+00:00,661.75,692.4203,659.42,688.37,35298378,220.5833333333,230.8067666667,219.8066666667,229.4566666667,105895134,0.0,1.0
TSLA,2021-04-05 00:00:00+00:00,691.05,708.16,684.7,707.71,41842767,230.35,236.0533333333,228.2333333333,235.9033333333,125528301,0.0,1.0
TSLA,2021-04-06 00:00:00+00:00,691.62,696.55,681.37,690.3,28271839,230.54,232.1833333333,227.1233333333,230.1,84815517,0.0,1.0
TSLA,2021-04-07 00:00:00+00:00,670.97,691.38,667.84,687.0,26309433,223.6566666667,230.46,222.6133333333,229.0,78928299,0.0,1.0
TSLA,2021-04-08 00:00:00+00:00,683.8,689.5499,671.645,677.38,23924329,227.9333333333,229.8499666667,223.8816666667,225.7933333333,71772987,0.0,1.0
TSLA,2021-04-09 00:00:00+00:00,677.02,680.97,669.43,677.77,21437087,225.6733333333,226.99,223.1433333333,225.9233333333,64311261,0.0,1.0
TSLA,2021-04-12 00:00:00+00:00,701.98,704.8,682.09,685.7,29135670,233.9933333333,234.9333333333,227.3633333333,228.5666666667,87407010,0.0,1.0
TSLA,2021-04-13 00:00:00+00:00,762.32,763.0,710.66,712.7,44652808,254.1066666667,254.3333333333,236.8866666667,237.5666666667,133958424,0.0,1.0
TSLA,2021-04-14 00:00:00+00:00,732.23,780.79,728.03,770.7,49017434,244.0766666667,260.2633333333,242.6766666667,256.9,147052302,0.0,1.0
TSLA,2021-04-15 00:00:00+00:00,738.85,743.69,721.31,743.1,27848900,246.2833333333,247.8966666667,240.4366666667,247.7,83546700,0.0,1.0
TSLA,2021-04-16 00:00:00+00:00,739.78,749.41,724.6,728.65,27979526,246.5933333333,249.8033333333,241.5333333333,242.8833333333,83938578,0.0,1.0
TSLA,2021-04-19 00:00:00+00:00,714.63,725.4,691.8001,719.6,39686226,238.21,241.8,230.6000333333,239.8666666667,119058678,0.0,1.0
TSLA,2021-04-20 00:00:00+00:00,718.99,737.25,710.685,717.42,35609038,239.6633333333,245.75,236.895,239.14,106827114,0.0,1.0
TSLA,2021-04-21 00:00:00+00:00,744.12,744.84,698.0,704.77,31215514,248.04,248.28,232.6666666667,234.9233333333,93646542,0.0,1.0
TSLA,2021-04-22 00:00:00+00:00,719.69,753.77,718.04,741.5,35590255,239.8966666667,251.2566666667,239.3466666667,247.1666666667,106770765,0.0,1.0
TSLA,2021-04-23 00:00:00+00:00,729.4,737.36,715.46,719.8,28413889,243.1333333333,245.7866666667,238.4866666667,239.9333333333,85241667,0.0,1.0
TSLA,2021-04-26 00:00:00+00:00,738.2,749.3,732.6053,741.0,31038502,246.0666666667,249.7666666667,244.2017666667,247.0,93115506,0.0,1.0
TSLA,2021-04-27 00:00:00+00:00,704.74,724.0,703.3501,717.96,29436995,234.9133333333,241.3333333333,234.4500333333,239.32,88310985,0.0,1.0
TSLA,2021-04-28 00:00:00+00:00,694.4,708.5,693.6,696.41,22271047,231.4666666667,236.1666666667,231.2,232.1366666667,66813141,0.0,1.0
TSLA,2021-04-29 00:00:00+00:00,677.0,702.25,668.5002,699.51,28845449,225.6666666667,234.0833333333,222.8334,233.17,86536347,0.0,1.0
TSLA,2021-04-30 00:00:00+00:00,709.44,715.47,666.14,667.59,40758722,236.48,238.49,222.0466666667,222.53,122276166,0.0,1.0
TSLA,2021-05-03 00:00:00+00:00,684.9,706.0,680.5,703.8,27043143,228.3,235.3333333333,226.8333333333,234.6,81129429,0.0,1.0
TSLA,2021-05-04 00:00:00+00:00,673.6,683.4464,657.701,678.94,29739319,224.5333333333,227.8154666667,219.2336666667,226.3133333333,89217957,0.0,1.0
TSLA,2021-05-05 00:00:00+00:00,670.94,685.2955,667.34,681.06,21901894,223.6466666667,228.4318333333,222.4466666667,227.02,65705682,0.0,1.0
TSLA,2021-05-06 00:00:00+00:00,663.54,681.02,650.0,680.76,27784619,221.18,227.0066666667,216.6666666667,226.92,83353857,0.0,1.0
TSLA,2021-05-07 00:00:00+00:00,672.37,690.0,660.22,665.8,23469172,224.1233333333,230.0,220.0733333333,221.9333333333,70407516,0.0,1.0
TSLA,2021-05-10 00:00:00+00:00,629.04,665.05,627.6101,664.9,31392417,209.68,221.6833333333,209.2033666667,221.6333333333,94177251,0.0,1.0
TSLA,2021-05-11 00:00:00+00:00,617.2,627.0999,595.6,599.24,46503896,205.7333333333,209.0333,198.5333333333,199.7466666667,139511688,0.0,1.0
TSLA,2021-05-12 00:00:00+00:00,589.89,620.41,586.765,602.49,33823646,196.63,206.8033333333,195.5883333333,200.83,101470938,0.0,1.0
TSLA,2021-05-13 00:00:00+00:00,571.69,606.4599,559.65,601.545,44184916,190.5633333333,202.1533,186.55,200.515,132554748,0.0,1.0
TSLA,2021-05-14 00:00:00+00:00,589.74,592.87,570.46,583.41,33370856,196.58,197.6233333333,190.1533333333,194.47,100112568,0.0,1.0
TSLA,2021-05-17 00:00:00+00:00,576.83,589.73,561.2,575.5531,32390360,192.2766666667,196.5766666667,187.0666666667,191.8510333333,97171080,0.0,1.0
TSLA,2021-05-18 00:00:00+00:00,577.87,596.25,563.38,568.0,36830567,192.6233333333,198.75,187.7933333333,189.3333333333,110491701,0.0,1.0
TSLA,2021-05-19 00:00:00+00:00,563.46,566.21,546.98,552.55,39578395,187.82,188.7366666667,182.3266666667,184.1833333333,118735185,0.0,1.0
TSLA,2021-05-20 00:00:00+00:00,586.78,588.85,571.07,575.0,30821119,195.5933333333,196.2833333333,190.3566666667,191.6666666667,92463357,0.0,1.0
TSLA,2021-05-21 00:00:00+00:00,580.88,596.68,580.0,596.11,26030595,193.6266666667,198.8933333333,193.3333333333,198.7033333333,78091785,0.0,1.0
TSLA,2021-05-24 00:00:00+00:00,606.44,614.48,573.65,581.6,34558089,202.1466666667,204.8266666667,191.2166666667,193.8666666667,103674267,0.0,1.0
TSLA,2021-05-25 00:00:00+00:00,604.69,613.99,595.71,607.31,28005933,201.5633333333,204.6633333333,198.57,202.4366666667,84017799,0.0,1.0
TSLA,2021-05-26 00:00:00+00:00,619.13,626.17,601.5,607.56,28639305,206.3766666667,208.7233333333,200.5,202.52,85917915,0.0,1.0
TSLA,2021-05-27 00:00:00+00:00,630.85,631.13,616.21,620.24,26370593,210.2833333333,210.3766666667,205.4033333333,206.7466666667,79111779,0.0,1.0
TSLA,2021-05-28 00:00:00+00:00,625.22,635.59,622.38,628.5,22737038,208.4066666667,211.8633333333,207.46,209.5,68211114,0.0,1.0
TSLA,2021-06-01 00:00:00+00:00,623.9,633.8,620.55,627.8,18084890,207.9666666667,211.2666666667,206.85,209.2666666667,54254670,0.0,1.0
TSLA,2021-06-02 00:00:00+00:00,605.12,623.36,599.14,620.13,23302779,201.7066666667,207.7866666667,199.7133333333,206.71,69908337,0.0,1.0
TSLA,2021-06-03 00:00:00+00:00,572.84,604.55,571.22,601.8,30111893,190.9466666667,201.5166666667,190.4066666667,200.6,90335679,0.0,1.0
TSLA,2021-06-04 00:00:00+00:00,599.05,600.61,577.2,579.71,24036896,199.6833333333,200.2033333333,192.4,193.2366666667,72110688,0.0,1.0
TSLA,2021-06-07 00:00:00+00:00,605.13,610.0,582.88,591.825,22543682,201.71,203.3333333333,194.2933333333,197.275,67631046,0.0,1.0
TSLA,2021-06-08 00:00:00+00:00,603.59,623.09,595.5,623.01,26053405,201.1966666667,207.6966666667,198.5,207.67,78160215,0.0,1.0
TSLA,2021-06-09 00:00:00+00:00,598.78,611.79,597.6301,602.17,16584566,199.5933333333,203.93,199.2100333333,200.7233333333,49753698,0.0,1.0
TSLA,2021-06-10 00:00:00+00:00,610.12,616.59,600.5,603.88,23919606,203.3733333333,205.53,200.1666666667,201.2933333333,71758818,0.0,1.0
TSLA,2021-06-11 00:00:00+00:00,609.89,612.56,601.52,610.23,16205303,203.2966666667,204.1866666667,200.5066666667,203.41,48615909,0.0,1.0
TSLA,2021-06-14 00:00:00+00:00,617.69,625.49,609.18,612.23,20423983,205.8966666667,208.4966666667,203.06,204.0766666667,61271949,0.0,1.0
TSLA,2021-06-15 00:00:00+00:00,599.36,616.79,598.23,616.69,17764145,199.7866666667,205.5966666667,199.41,205.5633333333,53292435,0.0,1.0
TSLA,2021-06-16 00:00:00+00:00,604.87,608.5,593.5,597.535,21845739,201.6233333333,202.8333333333,197.8333333333,199.1783333333,65537217,0.0,1.0
TSLA,2021-06-17 00:00:00+00:00,616.6,621.47,601.34,601.8878,22701350,205.5333333333,207.1566666667,200.4466666667,200.6292666667,68104050,0.0,1.0
TSLA,2021-06-18 00:00:00+00:00,623.31,628.35,611.8,613.37,24560905,207.77,209.45,203.9333333333,204.4566666667,73682715,0.0,1.0
TSLA,2021-06-21 00:00:00+00:00,620.83,631.39,608.88,624.48,24812741,206.9433333333,210.4633333333,202.96,208.16,74438223,0.0,1.0
TSLA,2021-06-22 00:00:00+00:00,623.71,628.5693,615.5,618.25,19158892,207.9033333333,209.5231,205.1666666667,206.0833333333,57476676,0.0,1.0
TSLA,2021-06-23 00:00:00+00:00,656.57,657.204,630.04,632.0,31099228,218.8566666667,219.068,210.0133333333,210.6666666667,93297684,0.0,1.0
TSLA,2021-06-24 00:00:00+00:00,679.82,697.62,667.61,674.99,45982386,226.6066666667,232.54,222.5366666667,224.9966666667,137947158,0.0,1.0
TSLA,2021-06-25 00:00:00+00:00,671.87,693.81,668.7,689.58,32496707,223.9566666667,231.27,222.9,229.86,97490121,0.0,1.0
TSLA,2021-06-28 00:00:00+00:00,688.72,694.6999,670.32,671.64,21628159,229.5733333333,231.5666333333,223.44,223.88,64884477,0.0,1.0
TSLA,2021-06-29 00:00:00+00:00,680.76,687.5099,675.89,684.65,17381313,226.92,229.1699666667,225.2966666667,228.2166666667,52143939,0.0,1.0
TSLA,2021-06-30 00:00:00+00:00,679.7,692.81,678.14,679.77,18924862,226.5666666667,230.9366666667,226.0466666667,226.59,56774586,0.0,1.0
TSLA,2021-07-01 00:00:00+00:00,677.92,687.99,672.8,683.92,18634522,225.9733333333,229.33,224.2666666667,227.9733333333,55903566,0.0,1.0
TSLA,2021-07-02 00:00:00+00:00,678.9,700.0,673.26,678.98,27097374,226.3,233.3333333333,224.42,226.3266666667,81292122,0.0,1.0
TSLA,2021-07-06 00:00:00+00:00,659.58,684.0,651.4002,681.7115,23284450,219.86,228.0,217.1334,227.2371666667,69853350,0.0,1.0
TSLA,2021-07-07 00:00:00+00:00,644.65,665.7,638.32,664.27,18791960,214.8833333333,221.9,212.7733333333,221.4233333333,56375880,0.0,1.0
TSLA,2021-07-08 00:00:00+00:00,652.81,654.43,620.46,628.37,22773316,217.6033333333,218.1433333333,206.82,209.4566666667,68319948,0.0,1.0
TSLA,2021-07-09 00:00:00+00:00,656.95,658.91,644.69,653.185,18140548,218.9833333333,219.6366666667,214.8966666667,217.7283333333,54421644,0.0,1.0
TSLA,2021-07-12 00:00:00+00:00,685.7,687.24,662.161,662.2,25927042,228.5666666667,229.08,220.7203333333,220.7333333333,77781126,0.0,1.0
TSLA,2021-07-13 00:00:00+00:00,668.54,693.28,666.2958,686.32,20966092,222.8466666667,231.0933333333,222.0986,228.7733333333,62898276,0.0,1.0
TSLA,2021-07-14 00:00:00+00:00,653.38,678.6099,652.84,670.75,21641190,217.7933333333,226.2033,217.6133333333,223.5833333333,64923570,0.0,1.0
TSLA,2021-07-15 00:00:00+00:00,650.6,666.14,637.88,658.39,20209571,216.8666666667,222.0466666667,212.6266666667,219.4633333333,60628713,0.0,1.0
TSLA,2021-07-16 00:00:00+00:00,644.22,656.6999,642.2,654.68,16370970,214.74,218.8999666667,214.0666666667,218.2266666667,49112910,0.0,1.0
TSLA,2021-07-19 00:00:00+00:00,646.22,647.1999,621.29,629.89,21297090,215.4066666667,215.7333,207.0966666667,209.9633333333,63891270,0.0,1.0
TSLA,2021-07-20 00:00:00+00:00,660.5,662.3916,640.501,651.99,15487127,220.1666666667,220.7972,213.5003333333,217.33,46461381,0.0,1.0
TSLA,2021-07-21 00:00:00+00:00,655.29,664.8599,650.2901,659.61,13953338,218.43,221.6199666667,216.7633666667,219.87,41860014,0.0,1.0
TSLA,2021-07-22 00:00:00+00:00,649.26,662.17,644.6001,656.4428,15105727,216.42,220.7233333333,214.8667,218.8142666667,45317181,0.0,1.0
TSLA,2021-07-23 00:00:00+00:00,643.38,648.8,637.3001,646.36,14604944,214.46,216.2666666667,212.4333666667,215.4533333333,43814832,0.0,1.0
TSLA,2021-07-26 00:00:00+00:00,657.62,668.1999,647.11,650.97,25336556,219.2066666667,222.7333,215.7033333333,216.99,76009668,0.0,1.0
TSLA,2021-07-27 00:00:00+00:00,644.78,666.5,627.24,663.4,32813290,214.9266666667,222.1666666667,209.08,221.1333333333,98439870,0.0,1.0
TSLA,2021-07-28 00:00:00+00:00,646.98,654.9699,639.4001,646.995,16006596,215.66,218.3233,213.1333666667,215.665,48019788,0.0,1.0
TSLA,2021-07-29 00:00:00+00:00,677.35,683.69,648.8,649.79,29688446,225.7833333333,227.8966666667,216.2666666667,216.5966666667,89065338,0.0,1.0
TSLA,2021-07-30 00:00:00+00:00,687.2,697.53,669.0,671.758,29656411,229.0666666667,232.51,223.0,223.9193333333,88969233,0.0,1.0
TSLA,2021-08-02 00:00:00+00:00,709.67,726.94,698.4,700.0,33615765,236.5566666667,242.3133333333,232.8,233.3333333333,100847295,0.0,1.0
TSLA,2021-08-03 00:00:00+00:00,709.74,722.65,701.01,719.0,21620253,236.58,240.8833333333,233.67,239.6666666667,64860759,0.0,1.0
TSLA,2021-08-04 00:00:00+00:00,710.92,724.9,708.93,711.0,17002647,236.9733333333,241.6333333333,236.31,237.0,51007941,0.0,1.0
TSLA,2021-08-05 00:00:00+00:00,714.63,720.9499,711.41,716.0,12919637,238.21,240.3166333333,237.1366666667,238.6666666667,38758911,0.0,1.0
TSLA,2021-08-06 00:00:00+00:00,699.1,716.33,697.63,711.9,15623049,233.0333333333,238.7766666667,232.5433333333,237.3,46869147,0.0,1.0
TSLA,2021-08-09 00:00:00+00:00,713.76,719.03,705.13,710.17,14715349,237.92,239.6766666667,235.0433333333,236.7233333333,44146047,0.0,1.0
TSLA,2021-08-10 00:00:00+00:00,709.99,716.59,701.88,713.99,13432305,236.6633333333,238.8633333333,233.96,237.9966666667,40296915,0.0,1.0
TSLA,2021-08-11 00:00:00+00:00,707.82,715.18,704.21,712.71,9800558,235.94,238.3933333333,234.7366666667,237.57,29401674,0.0,1.0
TSLA,2021-08-12 00:00:00+00:00,722.25,722.8,699.4,706.34,17681686,240.75,240.9333333333,233.1333333333,235.4466666667,53045058,0.0,1.0
TSLA,2021-08-13 00:00:00+00:00,717.17,729.9,714.34,723.71,16671844,239.0566666667,243.3,238.1133333333,241.2366666667,50015532,0.0,1.0
TSLA,2021-08-16 00:00:00+00:00,686.17,709.5,676.4,705.07,23103303,228.7233333333,236.5,225.4666666667,235.0233333333,69309909,0.0,1.0
TSLA,2021-08-17 00:00:00+00:00,665.71,674.58,648.84,672.66,23721279,221.9033333333,224.86,216.28,224.22,71163837,0.0,1.0
TSLA,2021-08-18 00:00:00+00:00,688.99,695.77,669.35,669.7479,20349375,229.6633333333,231.9233333333,223.1166666667,223.2493,61048125,0.0,1.0
TSLA,2021-08-19 00:00:00+00:00,673.47,686.55,667.59,678.21,14313486,224.49,228.85,222.53,226.07,42940458,0.0,1.0
TSLA,2021-08-20 00:00:00+00:00,680.26,692.1299,673.7,682.85,14841865,226.7533333333,230.7099666667,224.5666666667,227.6166666667,44525595,0.0,1.0
TSLA,2021-08-23 00:00:00+00:00,706.3,712.1299,680.7505,685.442,20264859,235.4333333333,237.3766333333,226.9168333333,228.4806666667,60794577,0.0,1.0
TSLA,2021-08-24 00:00:00+00:00,708.49,715.22,702.64,710.68,13083071,236.1633333333,238.4066666667,234.2133333333,236.8933333333,39249213,0.0,1.0
TSLA,2021-08-25 00:00:00+00:00,711.2,716.97,704.0,707.03,12645562,237.0666666667,238.99,234.6666666667,235.6766666667,37936686,0.0,1.0
TSLA,2021-08-26 00:00:00+00:00,701.16,715.4,697.6201,708.31,13214292,233.72,238.4666666667,232.5400333333,236.1033333333,39642876,0.0,1.0
TSLA,2021-08-27 00:00:00+00:00,711.92,715.0,702.1001,705.0,13833763,237.3066666667,238.3333333333,234.0333666667,235.0,41501289,0.0,1.0
TSLA,2021-08-30 00:00:00+00:00,730.91,731.0,712.73,714.715,18604220,243.6366666667,243.6666666667,237.5766666667,238.2383333333,55812660,0.0,1.0
TSLA,2021-08-31 00:00:00+00:00,735.72,740.39,726.44,733.0,20855436,245.24,246.7966666667,242.1466666667,244.3333333333,62566308,0.0,1.0
TSLA,2021-09-01 00:00:00+00:00,734.09,741.99,731.2701,734.08,13204335,244.6966666667,247.33,243.7567,244.6933333333,39613005,0.0,1.0
TSLA,2021-09-02 00:00:00+00:00,732.39,740.97,730.54,734.5,12796739,244.13,246.99,243.5133333333,244.8333333333,38390217,0.0,1.0
TSLA,2021-09-03 00:00:00+00:00,733.57,734.0,724.2,732.2494,15271045,244.5233333333,244.6666666667,241.4,244.0831333333,45813135,0.0,1.0
TSLA,2021-09-07 00:00:00+00:00,752.92,760.2,739.26,740.0,20039825,250.9733333333,253.4,246.42,246.6666666667,60119475,0.0,1.0
TSLA,2021-09-08 00:00:00+00:00,753.87,764.45,740.7733,761.58,18793036,251.29,254.8166666667,246.9244333333,253.86,56379108,0.0,1.0
TSLA,2021-09-09 00:00:00+00:00,754.86,762.1,751.6301,753.41,14077731,251.62,254.0333333333,250.5433666667,251.1366666667,42233193,0.0,1.0
TSLA,2021-09-10 00:00:00+00:00,736.27,762.61,734.5201,759.6,15184170,245.4233333333,254.2033333333,244.8400333333,253.2,45552510,0.0,1.0
TSLA,2021-09-13 00:00:00+00:00,743.0,744.78,708.85,740.2143,22952482,247.6666666667,248.26,236.2833333333,246.7381,68857446,0.0,1.0
TSLA,2021-09-14 00:00:00+00:00,744.49,754.47,736.4,742.57,18524881,248.1633333333,251.49,245.4666666667,247.5233333333,55574643,0.0,1.0
TSLA,2021-09-15 00:00:00+00:00,755.83,756.86,738.36,745.0,15357685,251.9433333333,252.2866666667,246.12,248.3333333333,46073055,0.0,1.0
TSLA,2021-09-16 00:00:00+00:00,756.99,758.91,747.61,752.83,13923393,252.33,252.97,249.2033333333,250.9433333333,41770179,0.0,1.0
TSLA,2021-09-17 00:00:00+00:00,759.49,761.04,750.0,757.15,28204176,253.1633333333,253.68,250.0,252.3833333333,84612528,0.0,1.0
TSLA,2021-09-20 00:00:00+00:00,730.17,742.0,718.6249,734.5577,24757652,243.39,247.3333333333,239.5416333333,244.8525666667,74272956,0.0,1.0
TSLA,2021-09-21 00:00:00+00:00,739.38,744.7399,730.44,734.79,16330723,246.46,248.2466333333,243.48,244.93,48992169,0.0,1.0
TSLA,2021-09-22 00:00:00+00:00,751.94,753.6699,739.12,743.5263,15126272,250.6466666667,251.2233,246.3733333333,247.8421,45378816,0.0,1.0
TSLA,2021-09-23 00:00:00+00:00,753.64,758.2,747.92,755.0,11947527,251.2133333333,252.7333333333,249.3066666667,251.6666666667,35842581,0.0,1.0
TSLA,2021-09-24 00:00:00+00:00,774.39,774.8,744.56,745.89,21373022,258.13,258.2666666667,248.1866666667,248.63,64119066,0.0,1.0
TSLA,2021-09-27 00:00:00+00:00,791.36,799.0,769.31,773.12,28070657,263.7866666667,266.3333333333,256.4366666667,257.7066666667,84211971,0.0,1.0
TSLA,2021-09-28 00:00:00+00:00,777.56,795.64,766.1801,787.2,25381422,259.1866666667,265.2133333333,255.3933666667,262.4,76144266,0.0,1.0
TSLA,2021-09-29 00:00:00+00:00,781.31,793.5,770.68,779.8,20942877,260.4366666667,264.5,256.8933333333,259.9333333333,62828631,0.0,1.0
TSLA,2021-09-30 00:00:00+00:00,775.48,789.1305,775.0,781.0,17955961,258.4933333333,263.0435,258.3333333333,260.3333333333,53867883,0.0,1.0
TSLA,2021-10-01 00:00:00+00:00,775.22,780.78,763.59,778.4,17031414,258.4066666667,260.26,254.53,259.4666666667,51094242,0.0,1.0
TSLA,2021-10-04 00:00:00+00:00,781.53,806.9699,776.12,796.5,30483341,260.51,268.9899666667,258.7066666667,265.5,91450023,0.0,1.0
TSLA,2021-10-05 00:00:00+00:00,780.59,797.31,774.2,784.7962,18432625,260.1966666667,265.77,258.0666666667,261.5987333333,55297875,0.0,1.0
TSLA,2021-10-06 00:00:00+00:00,782.75,786.66,773.22,776.2,14632768,260.9166666667,262.22,257.74,258.7333333333,43898304,0.0,1.0
TSLA,2021-10-07 00:00:00+00:00,793.61,805.0,783.38,785.46,19195782,264.5366666667,268.3333333333,261.1266666667,261.82,57587346,0.0,1.0
TSLA,2021-10-08 00:00:00+00:00,785.49,796.38,780.91,796.21,16738604,261.83,265.46,260.3033333333,265.4033333333,50215812,0.0,1.0
TSLA,2021-10-11 00:00:00+00:00,791.94,801.24,785.5,787.65,14200322,263.98,267.08,261.8333333333,262.55,42600966,0.0,1.0
TSLA,2021-10-12 00:00:00+00:00,805.72,812.32,796.57,800.93,22020040,268.5733333333,270.7733333333,265.5233333333,266.9766666667,66060120,0.0,1.0
TSLA,2021-10-13 00:00:00+00:00,811.08,815.41,805.78,810.47,14120075,270.36,271.8033333333,268.5933333333,270.1566666667,42360225,0.0,1.0
TSLA,2021-10-14 00:00:00+00:00,818.32,820.25,813.3501,815.49,12247170,272.7733333333,273.4166666667,271.1167,271.83,36741510,0.0,1.0
TSLA,2021-10-15 00:00:00+00:00,843.03,843.21,822.35,823.7384,18924567,281.01,281.07,274.1166666667,274.5794666667,56773701,0.0,1.0
TSLA,2021-10-18 00:00:00+00:00,870.11,875.26,851.47,851.79,24207244,290.0366666667,291.7533333333,283.8233333333,283.93,72621732,0.0,1.0
TSLA,2021-10-19 00:00:00+00:00,864.27,877.95,862.51,877.53,17381128,288.09,292.65,287.5033333333,292.51,52143384,0.0,1.0
TSLA,2021-10-20 00:00:00+00:00,865.8,869.49,857.38,865.35,14032052,288.6,289.83,285.7933333333,288.45,42096156,0.0,1.0
TSLA,2021-10-21 00:00:00+00:00,894.0,900.0,855.5046,856.0,31481454,298.0,300.0,285.1682,285.3333333333,94444362,0.0,1.0
TSLA,2021-10-22 00:00:00+00:00,909.68,910.0,890.96,895.5,22880835,303.2266666667,303.3333333333,296.9866666667,298.5,68642505,0.0,1.0
TSLA,2021-10-25 00:00:00+00:00,1024.86,1045.02,944.2,950.53,62852099,341.62,348.34,314.7333333333,316.8433333333,188556297,0.0,1.0
TSLA,2021-10-26 00:00:00+00:00,1018.43,1094.94,1001.44,1024.69,62414968,339.4766666667,364.98,333.8133333333,341.5633333333,187244904,0.0,1.0
TSLA,2021-10-27 00:00:00+00:00,1037.86,1070.88,1030.78,1039.66,38526459,345.9533333333,356.96,343.5933333333,346.5533333333,115579377,0.0,1.0
TSLA,2021-10-28 00:00:00+00:00,1077.04,1081.0,1054.2,1068.305,27213173,359.0133333333,360.3333333333,351.4,356.1016666667,81639519,0.0,1.0
TSLA,2021-10-29 00:00:00+00:00,1114.0,1115.21,1073.205,1081.86,29918417,371.3333333333,371.7366666667,357.735,360.62,89755251,0.0,1.0
TSLA,2021-11-01 00:00:00+00:00,1208.59,1209.75,1118.66,1145.0,54868952,402.8633333333,403.25,372.8866666667,381.6666666667,164606856,0.0,1.0
TSLA,2021-11-02 00:00:00+00:00,1172.0,1208.59,1146.0,1159.355,42450935,390.6666666667,402.8633333333,382.0,386.4516666667,127352805,0.0,1.0
TSLA,2021-11-03 00:00:00+00:00,1213.86,1215.39,1152.62,1177.33,34628519,404.62,405.13,384.2066666667,392.4433333333,103885557,0.0,1.0
TSLA,2021-11-04 00:00:00+00:00,1229.91,1243.49,1217.0,1234.41,25397410,409.97,414.4966666667,405.6666666667,411.47,76192230,0.0,1.0
TSLA,2021-11-05 00:00:00+00:00,1222.09,1239.87,1208.0,1228.0,21628812,407.3633333333,413.29,402.6666666667,409.3333333333,64886436,0.0,1.0
TSLA,2021-11-08 00:00:00+00:00,1162.94,1197.0,1133.0,1149.785,33445715,387.6466666667,399.0,377.6666666667,383.2616666667,100337145,0.0,1.0
TSLA,2021-11-09 00:00:00+00:00,1023.5,1174.5,1011.52,1173.6,58525547,341.1666666667,391.5,337.1733333333,391.2,175576641,0.0,1.0
TSLA,2021-11-10 00:00:00+00:00,1067.95,1078.1,987.31,1010.41,42802722,355.9833333333,359.3666666667,329.1033333333,336.8033333333,128408166,0.0,1.0
TSLA,2021-11-11 00:00:00+00:00,1063.51,1104.97,1054.68,1102.77,22396568,354.5033333333,368.3233333333,351.56,367.59,67189704,0.0,1.0
TSLA,2021-11-12 00:00:00+00:00,1033.42,1054.5,1019.2,1047.5,25147852,344.4733333333,351.5,339.7333333333,349.1666666667,75443556,0.0,1.0
TSLA,2021-11-15 00:00:00+00:00,1013.39,1031.98,978.6,1017.63,34775649,337.7966666667,343.9933333333,326.2,339.21,104326947,0.0,1.0
TSLA,2021-11-16 00:00:00+00:00,1054.73,1057.1999,1002.18,1003.31,26542359,351.5766666667,352.3999666667,334.06,334.4366666667,79627077,0.0,1.0
TSLA,2021-11-17 00:00:00+00:00,1089.01,1119.64,1055.5,1063.51,31445365,363.0033333333,373.2133333333,351.8333333333,354.5033333333,94336095,0.0,1.0
TSLA,2021-11-18 00:00:00+00:00,1096.38,1112.0,1075.02,1106.55,20898930,365.46,370.6666666667,358.34,368.85,62696790,0.0,1.0
TSLA,2021-11-19 00:00:00+00:00,1137.06,1138.7199,1092.7,1098.87,21642258,379.02,379.5733,364.2333333333,366.29,64926774,0.0,1.0
TSLA,2021-11-22 00:00:00+00:00,1156.87,1201.95,1132.43,1162.33,33072509,385.6233333333,400.65,377.4766666667,387.4433333333,99217527,0.0,1.0
TSLA,2021-11-23 00:00:00+00:00,1109.03,1180.4999,1062.7,1167.51,36171700,369.6766666667,393.4999666667,354.2333333333,389.17,108515100,0.0,1.0
TSLA,2021-11-24 00:00:00+00:00,1116.0,1132.77,1062.0,1080.39,22560238,372.0,377.59,354.0,360.13,67680714,0.0,1.0
TSLA,2021-11-26 00:00:00+00:00,1081.92,1108.7827,1081.0,1099.47,11680890,360.64,369.5942333333,360.3333333333,366.49,35042670,0.0,1.0
TSLA,2021-11-29 00:00:00+00:00,1136.99,1142.67,1100.19,1100.99,19464467,378.9966666667,380.89,366.73,366.9966666667,58393401,0.0,1.0
TSLA,2021-11-30 00:00:00+00:00,1144.76,1168.0,1118.0,1144.37,27092038,381.5866666667,389.3333333333,372.6666666667,381.4566666667,81276114,0.0,1.0
TSLA,2021-12-01 00:00:00+00:00,1095.0,1172.8399,1090.76,1160.695,22934698,365.0,390.9466333333,363.5866666667,386.8983333333,68804094,0.0,1.0
TSLA,2021-12-02 00:00:00+00:00,1084.6,1113.0,1056.65,1099.06,24371623,361.5333333333,371.0,352.2166666667,366.3533333333,73114869,0.0,1.0
TSLA,2021-12-03 00:00:00+00:00,1014.97,1090.5753,1000.21,1084.79,30773995,338.3233333333,363.5251,333.4033333333,361.5966666667,92321985,0.0,1.0
TSLA,2021-12-06 00:00:00+00:00,1009.01,1021.64,950.5,1001.51,27221037,336.3366666667,340.5466666667,316.8333333333,333.8366666667,81663111,0.0,1.0
TSLA,2021-12-07 00:00:00+00:00,1051.75,1057.6739,1026.81,1044.2,18694857,350.5833333333,352.5579666667,342.27,348.0666666667,56084571,0.0,1.0
TSLA,2021-12-08 00:00:00+00:00,1068.96,1072.38,1033.0001,1052.71,13968790,356.32,357.46,344.3333666667,350.9033333333,41906370,0.0,1.0
TSLA,2021-12-09 00:00:00+00:00,1003.8,1062.49,1002.36,1060.64,19812832,334.6,354.1633333333,334.12,353.5466666667,59438496,0.0,1.0
TSLA,2021-12-10 00:00:00+00:00,1017.03,1020.9797,982.53,1008.75,19888122,339.01,340.3265666667,327.51,336.25,59664366,0.0,1.0
TSLA,2021-12-13 00:00:00+00:00,966.41,1005.0,951.42,1001.09,26198502,322.1366666667,335.0,317.14,333.6966666667,78595506,0.0,1.0
TSLA,2021-12-14 00:00:00+00:00,958.51,966.41,930.0,945.0,23602090,319.5033333333,322.1366666667,310.0,315.0,70806270,0.0,1.0
TSLA,2021-12-15 00:00:00+00:00,975.99,978.7499,928.2501,953.21,25056410,325.33,326.2499666667,309.4167,317.7366666667,75169230,0.0,1.0
TSLA,2021-12-16 00:00:00+00:00,926.92,994.98,921.85,994.5,27590483,308.9733333333,331.66,307.2833333333,331.5,82771449,0.0,1.0
TSLA,2021-12-17 00:00:00+00:00,932.57,960.6599,909.0401,914.77,33626754,310.8566666667,320.2199666667,303.0133666667,304.9233333333,100880262,0.0,1.0
TSLA,2021-12-20 00:00:00+00:00,899.94,921.6884,893.39,910.7,18826671,299.98,307.2294666667,297.7966666667,303.5666666667,56480013,0.0,1.0
TSLA,2021-12-21 00:00:00+00:00,938.53,939.5,886.12,916.87,23839305,312.8433333333,313.1666666667,295.3733333333,305.6233333333,71517915,0.0,1.0
TSLA,2021-12-22 00:00:00+00:00,1008.87,1015.6599,957.05,965.66,31211362,336.29,338.5533,319.0166666667,321.8866666667,93634086,0.0,1.0
TSLA,2021-12-23 00:00:00+00:00,1067.0,1072.9767,997.56,1006.8,30904429,355.6666666667,357.6589,332.52,335.6,92713287,0.0,1.0
TSLA,2021-12-27 00:00:00+00:00,1093.94,1117.0,1070.7152,1073.67,23715273,364.6466666667,372.3333333333,356.9050666667,357.89,71145819,0.0,1.0
TSLA,2021-12-28 00:00:00+00:00,1088.47,1118.9999,1078.42,1109.49,20107969,362.8233333333,372.9999666667,359.4733333333,369.83,60323907,0.0,1.0
TSLA,2021-12-29 00:00:00+00:00,1086.19,1104.0,1064.14,1098.64,18718015,362.0633333333,368.0,354.7133333333,366.2133333333,56154045,0.0,1.0
TSLA,2021-12-30 00:00:00+00:00,1070.34,1095.55,1053.15,1061.33,15680313,356.78,365.1833333333,351.05,353.7766666667,47040939,0.0,1.0
TSLA,2021-12-31 00:00:00+00:00,1056.78,1081.9999,1054.59,1073.4444,13466216,352.26,360.6666333333,351.53,357.8148,40398648,0.0,1.0
TSLA,2022-01-03 00:00:00+00:00,1199.78,1201.07,1136.04,1147.75,34895349,399.9266666667,400.3566666667,378.68,382.5833333333,104686047,0.0,1.0
TSLA,2022-01-04 00:00:00+00:00,1149.59,1208.0,1123.05,1189.55,33416086,383.1966666667,402.6666666667,374.35,396.5166666667,100248258,0.0,1.0
TSLA,2022-01-05 00:00:00+00:00,1088.12,1170.34,1081.0101,1146.65,26706599,362.7066666667,390.1133333333,360.3367,382.2166666667,80119797,0.0,1.0
TSLA,2022-01-06 00:00:00+00:00,1064.7,1088.0,1020.5,1077.0,30112158,354.9,362.6666666667,340.1666666667,359.0,90336474,0.0,1.0
TSLA,2022-01-07 00:00:00+00:00,1026.96,1080.9299,1010.0,1080.37,28054916,342.32,360.3099666667,336.6666666667,360.1233333333,84164748,0.0,1.0
TSLA,2022-01-10 00:00:00+00:00,1058.12,1059.1,980.0,1000.0,30604959,352.7066666667,353.0333333333,326.6666666667,333.3333333333,91814877,0.0,1.0
TSLA,2022-01-11 00:00:00+00:00,1064.4,1075.85,1038.82,1053.67,21593308,354.8,358.6166666667,346.2733333333,351.2233333333,64779924,0.0,1.0
TSLA,2022-01-12 00:00:00+00:00,1106.22,1114.84,1072.5901,1078.85,27913005,368.74,371.6133333333,357.5300333333,359.6166666667,83739015,0.0,1.0
TSLA,2022-01-13 00:00:00+00:00,1031.56,1115.6,1026.5391,1109.065,32403264,343.8533333333,371.8666666667,342.1797,369.6883333333,97209792,0.0,1.0
TSLA,2022-01-14 00:00:00+00:00,1049.61,1052.0,1013.3788,1019.88,24308137,349.87,350.6666666667,337.7929333333,339.96,72924411,0.0,1.0
TSLA,2022-01-18 00:00:00+00:00,1030.51,1070.7899,1016.06,1026.605,22158412,343.5033333333,356.9299666667,338.6866666667,342.2016666667,66475236,0.0,1.0
TSLA,2022-01-19 00:00:00+00:00,995.65,1054.6699,995.0,1041.705,24870215,331.8833333333,351.5566333333,331.6666666667,347.235,74610645,0.0,1.0
TSLA,2022-01-20 00:00:00+00:00,996.27,1041.66,994.0,1009.73,23496248,332.09,347.22,331.3333333333,336.5766666667,70488744,0.0,1.0
TSLA,2022-01-21 00:00:00+00:00,943.9,1004.55,940.5,996.34,34472009,314.6333333333,334.85,313.5,332.1133333333,103416027,0.0,1.0
TSLA,2022-01-24 00:00:00+00:00,930.0,933.5131,851.47,904.76,50791714,310.0,311.1710333333,283.8233333333,301.5866666667,152375142,0.0,1.0
TSLA,2022-01-25 00:00:00+00:00,918.4,951.26,903.21,914.2,28865302,306.1333333333,317.0866666667,301.07,304.7333333333,86595906,0.0,1.0
TSLA,2022-01-26 00:00:00+00:00,937.41,987.69,906.0,952.43,34955761,312.47,329.23,302.0,317.4766666667,104867283,0.0,1.0
TSLA,2022-01-27 00:00:00+00:00,829.1,935.39,829.0,933.36,49036523,276.3666666667,311.7966666667,276.3333333333,311.12,147109569,0.0,1.0
TSLA,2022-01-28 00:00:00+00:00,846.35,857.5,792.01,831.56,44929650,282.1166666667,285.8333333333,264.0033333333,277.1866666667,134788950,0.0,1.0
TSLA,2022-01-31 00:00:00+00:00,936.72,937.99,862.05,872.71,34812032,312.24,312.6633333333,287.35,290.9033333333,104436096,0.0,1.0
TSLA,2022-02-01 00:00:00+00:00,931.25,943.7,905.0,935.21,24379446,310.4166666667,314.5666666667,301.6666666667,311.7366666667,73138338,0.0,1.0
TSLA,2022-02-02 00:00:00+00:00,905.66,931.5,889.41,928.18,22264345,301.8866666667,310.5,296.47,309.3933333333,66793035,0.0,1.0
TSLA,2022-02-03 00:00:00+00:00,891.14,937.0,880.52,882.0,26285186,297.0466666667,312.3333333333,293.5066666667,294.0,78855558,0.0,1.0
TSLA,2022-02-04 00:00:00+00:00,923.32,936.5,881.17,897.22,24541822,307.7733333333,312.1666666667,293.7233333333,299.0733333333,73625466,0.0,1.0
TSLA,2022-02-07 00:00:00+00:00,907.34,947.77,902.7089,923.79,20331488,302.4466666667,315.9233333333,300.9029666667,307.93,60994464,0.0,1.0
TSLA,2022-02-08 00:00:00+00:00,922.0,926.2899,894.8,905.53,16909671,307.3333333333,308.7633,298.2666666667,301.8433333333,50729013,0.0,1.0
TSLA,2022-02-09 00:00:00+00:00,932.0,946.2699,920.0,935.0,17419848,310.6666666667,315.4233,306.6666666667,311.6666666667,52259544,0.0,1.0
TSLA,2022-02-10 00:00:00+00:00,904.55,943.81,896.7,908.37,22042277,301.5166666667,314.6033333333,298.9,302.79,66126831,0.0,1.0
TSLA,2022-02-11 00:00:00+00:00,860.0,915.96,850.7,909.63,26548623,286.6666666667,305.32,283.5666666667,303.21,79645869,0.0,1.0
TSLA,2022-02-14 00:00:00+00:00,875.76,898.8799,853.15,861.57,22585472,291.92,299.6266333333,284.3833333333,287.19,67756416,0.0,1.0
TSLA,2022-02-15 00:00:00+00:00,922.43,923.0,893.3774,900.0,19216514,307.4766666667,307.6666666667,297.7924666667,300.0,57649542,0.0,1.0
TSLA,2022-02-16 00:00:00+00:00,923.39,926.4299,901.21,914.05,17098132,307.7966666667,308.8099666667,300.4033333333,304.6833333333,51294396,0.0,1.0
TSLA,2022-02-17 00:00:00+00:00,876.35,918.4999,874.1,913.26,18392806,292.1166666667,306.1666333333,291.3666666667,304.42,55178418,0.0,1.0
TSLA,2022-02-18 00:00:00+00:00,856.98,886.87,837.61,886.0,22833947,285.66,295.6233333333,279.2033333333,295.3333333333,68501841,0.0,1.0
TSLA,2022-02-22 00:00:00+00:00,821.53,856.7338,801.1001,834.13,27387874,273.8433333333,285.5779333333,267.0333666667,278.0433333333,82163622,0.0,1.0
TSLA,2022-02-23 00:00:00+00:00,764.04,835.2997,760.56,830.43,31752336,254.68,278.4332333333,253.52,276.81,95257008,0.0,1.0
TSLA,2022-02-24 00:00:00+00:00,800.77,802.48,700.0,700.39,45107425,266.9233333333,267.4933333333,233.3333333333,233.4633333333,135322275,0.0,1.0
TSLA,2022-02-25 00:00:00+00:00,809.87,819.5,782.4005,809.23,25355921,269.9566666667,273.1666666667,260.8001666667,269.7433333333,76067763,0.0,1.0
TSLA,2022-02-28 00:00:00+00:00,870.43,876.86,814.7075,815.01,33002289,290.1433333333,292.2866666667,271.5691666667,271.67,99006867,0.0,1.0
TSLA,2022-03-01 00:00:00+00:00,864.37,889.88,853.78,869.68,24922287,288.1233333333,296.6266666667,284.5933333333,289.8933333333,74766861,0.0,1.0
TSLA,2022-03-02 00:00:00+00:00,879.89,886.48,844.2721,872.13,24881146,293.2966666667,295.4933333333,281.4240333333,290.71,74643438,0.0,1.0
TSLA,2022-03-03 00:00:00+00:00,839.29,886.439,832.6001,878.77,20541169,279.7633333333,295.4796666667,277.5333666667,292.9233333333,61623507,0.0,1.0
TSLA,2022-03-04 00:00:00+00:00,838.29,855.65,825.1609,849.1,22393287,279.43,285.2166666667,275.0536333333,283.0333333333,67179861,0.0,1.0
TSLA,2022-03-07 00:00:00+00:00,804.58,866.14,804.57,856.3,24164724,268.1933333333,288.7133333333,268.19,285.4333333333,72494172,0.0,1.0
TSLA,2022-03-08 00:00:00+00:00,824.4,849.99,782.17,795.53,26799702,274.8,283.33,260.7233333333,265.1766666667,80399106,0.0,1.0
TSLA,2022-03-09 00:00:00+00:00,858.97,860.56,832.01,839.48,19727993,286.3233333333,286.8533333333,277.3366666667,279.8266666667,59183979,0.0,1.0
TSLA,2022-03-10 00:00:00+00:00,838.3,854.45,810.3601,851.45,19549548,279.4333333333,284.8166666667,270.1200333333,283.8166666667,58648644,0.0,1.0
TSLA,2022-03-11 00:00:00+00:00,795.35,843.802,793.77,840.197,22345722,265.1166666667,281.2673333333,264.59,280.0656666667,67037166,0.0,1.0
TSLA,2022-03-14 00:00:00+00:00,766.37,800.7,756.04,780.61,23717421,255.4566666667,266.9,252.0133333333,260.2033333333,71152263,0.0,1.0
TSLA,2022-03-15 00:00:00+00:00,801.89,805.57,756.57,775.27,22280381,267.2966666667,268.5233333333,252.19,258.4233333333,66841143,0.0,1.0
TSLA,2022-03-16 00:00:00+00:00,840.23,842.0,802.2601,809.0,28009607,280.0766666667,280.6666666667,267.4200333333,269.6666666667,84028821,0.0,1.0
TSLA,2022-03-17 00:00:00+00:00,871.6,875.0,825.7178,830.99,22194324,290.5333333333,291.6666666667,275.2392666667,276.9966666667,66582972,0.0,1.0
TSLA,2022-03-18 00:00:00+00:00,905.39,907.85,867.39,874.49,33443159,301.7966666667,302.6166666667,289.13,291.4966666667,100329477,0.0,1.0
TSLA,2022-03-21 00:00:00+00:00,921.16,942.85,907.09,914.98,26640958,307.0533333333,314.2833333333,302.3633333333,304.9933333333,79922874,0.0,1.0
TSLA,2022-03-22 00:00:00+00:00,993.98,997.86,921.75,930.0,34882278,331.3266666667,332.62,307.25,310.0,104646834,0.0,1.0
TSLA,2022-03-23 00:00:00+00:00,999.11,1040.7,976.4,979.94,40225383,333.0366666667,346.9,325.4666666667,326.6466666667,120676149,0.0,1.0
TSLA,2022-03-24 00:00:00+00:00,1013.92,1024.49,988.8,1009.73,22973626,337.9733333333,341.4966666667,329.6,336.5766666667,68920878,0.0,1.0
TSLA,2022-03-25 00:00:00+00:00,1010.64,1021.7999,997.3201,1008.0,20496893,336.88,340.5999666667,332.4400333333,336.0,61490679,0.0,1.0
TSLA,2022-03-28 00:00:00+00:00,1091.84,1097.8799,1053.6,1065.1,34168693,363.9466666667,365.9599666667,351.2,355.0333333333,102506079,0.0,1.0
TSLA,2022-03-29 00:00:00+00:00,1099.57,1114.77,1073.11,1107.99,24538273,366.5233333333,371.59,357.7033333333,369.33,73614819,0.0,1.0
TSLA,2022-03-30 00:00:00+00:00,1093.99,1113.95,1084.0,1091.17,19955002,364.6633333333,371.3166666667,361.3333333333,363.7233333333,59865006,0.0,1.0
TSLA,2022-03-31 00:00:00+00:00,1077.6,1103.1399,1076.641,1094.57,16330919,359.2,367.7133,358.8803333333,364.8566666667,48992757,0.0,1.0
TSLA,2022-04-01 00:00:00+00:00,1084.59,1094.75,1066.64,1081.15,18087741,361.53,364.9166666667,355.5466666667,360.3833333333,54263223,0.0,1.0
TSLA,2022-04-04 00:00:00+00:00,1145.45,1149.91,1072.53,1089.38,27392567,381.8166666667,383.3033333333,357.51,363.1266666667,82177701,0.0,1.0
TSLA,2022-04-05 00:00:00+00:00,1091.26,1152.87,1087.3,1136.3,26192187,363.7533333333,384.29,362.4333333333,378.7666666667,78576561,0.0,1.0
TSLA,2022-04-06 00:00:00+00:00,1045.76,1079.0,1027.7,1073.47,29782845,348.5866666667,359.6666666667,342.5666666667,357.8233333333,89348535,0.0,1.0
TSLA,2022-04-07 00:00:00+00:00,1057.26,1076.59,1021.5401,1052.39,26482353,352.42,358.8633333333,340.5133666667,350.7966666667,79447059,0.0,1.0
TSLA,2022-04-08 00:00:00+00:00,1025.49,1048.44,1022.435,1043.21,18337896,341.83,349.48,340.8116666667,347.7366666667,55013688,0.0,1.0
TSLA,2022-04-11 00:00:00+00:00,975.93,1008.4681,974.64,980.4,19785735,325.31,336.1560333333,324.88,326.8,59357205,0.0,1.0
TSLA,2022-04-12 00:00:00+00:00,986.95,1021.1921,976.6001,997.64,21992032,328.9833333333,340.3973666667,325.5333666667,332.5466666667,65976096,0.0,1.0
TSLA,2022-04-13 00:00:00+00:00,1022.37,1026.24,973.097,981.075,18373737,340.79,342.08,324.3656666667,327.025,55121211,0.0,1.0
TSLA,2022-04-14 00:00:00+00:00,985.0,1012.7099,982.19,999.29,19474135,328.3333333333,337.5699666667,327.3966666667,333.0966666667,58422405,0.0,1.0
TSLA,2022-04-18 00:00:00+00:00,1004.29,1014.92,973.41,989.03,17238407,334.7633333333,338.3066666667,324.47,329.6766666667,51715221,0.0,1.0
TSLA,2022-04-19 00:00:00+00:00,1028.15,1034.94,995.325,1005.06,16615944,342.7166666667,344.98,331.775,335.02,49847832,0.0,1.0
TSLA,2022-04-20 00:00:00+00:00,977.2,1034.0,975.2501,1030.0,21616141,325.7333333333,344.6666666667,325.0833666667,343.3333333333,64848423,0.0,1.0
TSLA,2022-04-21 00:00:00+00:00,1008.78,1092.22,996.415,1074.73,35138779,336.26,364.0733333333,332.1383333333,358.2433333333,105416337,0.0,1.0
TSLA,2022-04-22 00:00:00+00:00,1005.05,1034.85,994.0001,1014.91,23232186,335.0166666667,344.95,331.3333666667,338.3033333333,69696558,0.0,1.0
TSLA,2022-04-25 00:00:00+00:00,998.02,1008.62,975.3,978.97,22780445,332.6733333333,336.2066666667,325.1,326.3233333333,68341335,0.0,1.0
TSLA,2022-04-26 00:00:00+00:00,876.42,1000.0,875.0,995.43,44694524,292.14,333.3333333333,291.6666666667,331.81,134083572,0.0,1.0
TSLA,2022-04-27 00:00:00+00:00,881.51,918.0,877.36,898.58,25652132,293.8366666667,306.0,292.4533333333,299.5266666667,76956396,0.0,1.0
TSLA,2022-04-28 00:00:00+00:00,877.51,900.0,821.7,899.98,41649509,292.5033333333,300.0,273.9,299.9933333333,124948527,0.0,1.0
TSLA,2022-04-29 00:00:00+00:00,870.76,934.3999,870.0,902.25,29377665,290.2533333333,311.4666333333,290.0,300.75,88132995,0.0,1.0
TSLA,2022-05-02 00:00:00+00:00,902.94,906.3599,848.03,860.77,25260457,300.98,302.1199666667,282.6766666667,286.9233333333,75781371,0.0,1.0
TSLA,2022-05-03 00:00:00+00:00,909.25,924.08,888.59,903.18,21236525,303.0833333333,308.0266666667,296.1966666667,301.06,63709575,0.0,1.0
TSLA,2022-05-04 00:00:00+00:00,952.62,955.5,885.28,903.94,27039655,317.54,318.5,295.0933333333,301.3133333333,81118965,0.0,1.0
TSLA,2022-05-05 00:00:00+00:00,873.28,945.6,857.7,939.21,30839731,291.0933333333,315.2,285.9,313.07,92519193,0.0,1.0
TSLA,2022-05-06 00:00:00+00:00,865.65,888.0,843.105,887.0,24301037,288.55,296.0,281.035,295.6666666667,72903111,0.0,1.0
TSLA,2022-05-09 00:00:00+00:00,787.11,845.63,781.15,836.45,30270074,262.37,281.8766666667,260.3833333333,278.8166666667,90810222,0.0,1.0
TSLA,2022-05-10 00:00:00+00:00,800.04,825.36,774.25,819.31,28133877,266.68,275.12,258.0833333333,273.1033333333,84401631,0.0,1.0
TSLA,2022-05-11 00:00:00+00:00,734.0,809.77,727.2,795.0,32408153,244.6666666667,269.9233333333,242.4,265.0,97224459,0.0,1.0
TSLA,2022-05-12 00:00:00+00:00,728.0,759.66,680.0,701.0,46770954,242.6666666667,253.22,226.6666666667,233.6666666667,140312862,0.0,1.0
TSLA,2022-05-13 00:00:00+00:00,769.59,787.3499,751.565,773.48,30716908,256.53,262.4499666667,250.5216666667,257.8266666667,92150724,0.0,1.0
TSLA,2022-05-16 00:00:00+00:00,724.37,769.76,719.0885,767.16,28699513,241.4566666667,256.5866666667,239.6961666667,255.72,86098539,0.0,1.0
TSLA,2022-05-17 00:00:00+00:00,761.61,764.48,728.85,747.36,26745370,253.87,254.8266666667,242.95,249.12,80236110,0.0,1.0
TSLA,2022-05-18 00:00:00+00:00,709.81,760.5,700.81,744.52,29270604,236.6033333333,253.5,233.6033333333,248.1733333333,87811812,0.0,1.0
TSLA,2022-05-19 00:00:00+00:00,709.42,734.0,694.11,707.0,30098891,236.4733333333,244.6666666667,231.37,235.6666666667,90296673,0.0,1.0
TSLA,2022-05-20 00:00:00+00:00,663.9,721.582,633.0,713.99,48324435,221.3,240.5273333333,211.0,237.9966666667,144973305,0.0,1.0
TSLA,2022-05-23 00:00:00+00:00,674.9,679.9551,638.06,655.02,29634546,224.9666666667,226.6517,212.6866666667,218.34,88903638,0.0,1.0
TSLA,2022-05-24 00:00:00+00:00,628.16,653.92,620.57,653.53,29697505,209.3866666667,217.9733333333,206.8566666667,217.8433333333,89092515,0.0,1.0
TSLA,2022-05-25 00:00:00+00:00,658.8,669.32,623.0101,623.85,30713108,219.6,223.1066666667,207.6700333333,207.95,92139324,0.0,1.0
TSLA,2022-05-26 00:00:00+00:00,707.73,718.6699,653.66,661.42,35334448,235.91,239.5566333333,217.8866666667,220.4733333333,106003344,0.0,1.0
TSLA,2022-05-27 00:00:00+00:00,759.63,759.8,720.5311,723.25,29764994,253.21,253.2666666667,240.1770333333,241.0833333333,89294982,0.0,1.0
TSLA,2022-05-31 00:00:00+00:00,758.26,778.8,734.23,773.84,33971457,252.7533333333,259.6,244.7433333333,257.9466666667,101914371,0.0,1.0
TSLA,2022-06-01 00:00:00+00:00,740.37,771.98,730.92,755.16,25749321,246.79,257.3266666667,243.64,251.72,77247963,0.0,1.0
TSLA,2022-06-02 00:00:00+00:00,775.0,792.63,726.2,732.47,31157706,258.3333333333,264.21,242.0666666667,244.1566666667,93473118,0.0,1.0
TSLA,2022-06-03 00:00:00+00:00,703.55,743.3899,700.2534,729.675,37464579,234.5166666667,247.7966333333,233.4178,243.225,112393737,0.0,1.0
TSLA,2022-06-06 00:00:00+00:00,714.84,734.6,703.05,733.06,28068174,238.28,244.8666666667,234.35,244.3533333333,84204522,0.0,1.0
TSLA,2022-06-07 00:00:00+00:00,716.66,719.99,690.28,702.0,24269534,238.8866666667,239.9966666667,230.0933333333,234.0,72808602,0.0,1.0
TSLA,2022-06-08 00:00:00+00:00,725.6,749.89,717.53,720.26,25403540,241.8666666667,249.9633333333,239.1766666667,240.0866666667,76210620,0.0,1.0
TSLA,2022-06-09 00:00:00+00:00,719.12,766.6399,717.98,748.02,32163769,239.7066666667,255.5466333333,239.3266666667,249.34,96491307,0.0,1.0
TSLA,2022-06-10 00:00:00+00:00,696.69,718.5,683.74,705.47,32696966,232.23,239.5,227.9133333333,235.1566666667,98090898,0.0,1.0
TSLA,2022-06-13 00:00:00+00:00,647.21,679.9,644.05,669.5,34255754,215.7366666667,226.6333333333,214.6833333333,223.1666666667,102767262,0.0,1.0
TSLA,2022-06-14 00:00:00+00:00,662.67,678.99,635.21,654.86,32662932,220.89,226.33,211.7366666667,218.2866666667,97988796,0.0,1.0
TSLA,2022-06-15 00:00:00+00:00,699.0,706.9899,654.45,662.75,39710645,233.0,235.6633,218.15,220.9166666667,119131935,0.0,1.0
TSLA,2022-06-16 00:00:00+00:00,639.3,675.5,626.08,668.21,35796900,213.1,225.1666666667,208.6933333333,222.7366666667,107390700,0.0,1.0
TSLA,2022-06-17 00:00:00+00:00,650.28,662.9082,639.59,640.3,30880590,216.76,220.9694,213.1966666667,213.4333333333,92641770,0.0,1.0
TSLA,2022-06-21 00:00:00+00:00,711.11,730.7321,673.0,673.81,40930985,237.0366666667,243.5773666667,224.3333333333,224.6033333333,122792955,0.0,1.0
TSLA,2022-06-22 00:00:00+00:00,708.26,740.5,701.48,703.51,33842420,236.0866666667,246.8333333333,233.8266666667,234.5033333333,101527260,0.0,1.0
TSLA,2022-06-23 00:00:00+00:00,705.21,717.95,685.91,713.715,34734226,235.07,239.3166666667,228.6366666667,237.905,104202678,0.0,1.0
TSLA,2022-06-24 00:00:00+00:00,737.12,738.2,708.26,712.405,31923565,245.7066666667,246.0666666667,236.0866666667,237.4683333333,95770695,0.0,1.0
TSLA,2022-06-27 00:00:00+00:00,734.76,756.21,727.6966,748.1,29726104,244.92,252.07,242.5655333333,249.3666666667,89178312,0.0,1.0
TSLA,2022-06-28 00:00:00+00:00,697.99,749.91,697.03,733.45,30222167,232.6633333333,249.97,232.3433333333,244.4833333333,90666501,0.0,1.0
TSLA,2022-06-29 00:00:00+00:00,685.47,693.52,666.82,691.5,27632418,228.49,231.1733333333,222.2733333333,230.5,82897254,0.0,1.0
TSLA,2022-06-30 00:00:00+00:00,673.42,688.37,656.59,673.53,31533484,224.4733333333,229.4566666667,218.8633333333,224.51,94600452,0.0,1.0
TSLA,2022-07-01 00:00:00+00:00,681.79,690.69,666.3601,681.0,24820148,227.2633333333,230.23,222.1200333333,227.0,74460444,0.0,1.0
TSLA,2022-07-05 00:00:00+00:00,699.2,699.44,648.5001,669.0,28259704,233.0666666667,233.1466666667,216.1667,223.0,84779112,0.0,1.0
TSLA,2022-07-06 00:00:00+00:00,695.2,703.69,681.56,692.34,23951210,231.7333333333,234.5633333333,227.1866666667,230.78,71853630,0.0,1.0
TSLA,2022-07-07 00:00:00+00:00,733.63,736.085,696.63,701.76,27310230,244.5433333333,245.3616666667,232.21,233.92,81930690,0.0,1.0
TSLA,2022-07-08 00:00:00+00:00,752.29,764.9399,723.4843,727.0,33951362,250.7633333333,254.9799666667,241.1614333333,242.3333333333,101854086,0.0,1.0
TSLA,2022-07-11 00:00:00+00:00,703.03,759.19,700.88,756.31,33169740,234.3433333333,253.0633333333,233.6266666667,252.1033333333,99509220,0.0,1.0
TSLA,2022-07-12 00:00:00+00:00,699.21,719.32,685.105,710.54,29310320,233.07,239.7733333333,228.3683333333,236.8466666667,87930960,0.0,1.0
TSLA,2022-07-13 00:00:00+00:00,711.12,726.1799,675.1,676.5,32651499,237.04,242.0599666667,225.0333333333,225.5,97954497,0.0,1.0
TSLA,2022-07-14 00:00:00+00:00,714.94,715.96,688.0,704.69,26185833,238.3133333333,238.6533333333,229.3333333333,234.8966666667,78557499,0.0,1.0
TSLA,2022-07-15 00:00:00+00:00,720.2,730.8699,710.67,720.0,23227673,240.0666666667,243.6233,236.89,240.0,69683019,0.0,1.0
TSLA,2022-07-18 00:00:00+00:00,721.64,751.55,718.81,734.81,27512476,240.5466666667,250.5166666667,239.6033333333,244.9366666667,82537428,0.0,1.0
TSLA,2022-07-19 00:00:00+00:00,736.59,741.42,710.93,735.0,26963370,245.53,247.14,236.9766666667,245.0,80890110,0.0,1.0
TSLA,2022-07-20 00:00:00+00:00,742.5,751.99,730.449,740.35,29621363,247.5,250.6633333333,243.483,246.7833333333,88864089,0.0,1.0
TSLA,2022-07-21 00:00:00+00:00,815.12,819.8,764.6,765.32,47344059,271.7066666667,273.2666666667,254.8666666667,255.1066666667,142032177,0.0,1.0
TSLA,2022-07-22 00:00:00+00:00,816.73,842.36,812.14,828.66,34490949,272.2433333333,280.7866666667,270.7133333333,276.22,103472847,0.0,1.0
TSLA,2022-07-25 00:00:00+00:00,805.3,822.44,802.2,816.65,21357835,268.4333333333,274.1466666667,267.4,272.2166666667,64073505,0.0,1.0
TSLA,2022-07-26 00:00:00+00:00,776.58,801.9299,768.79,799.54,22273586,258.86,267.3099666667,256.2633333333,266.5133333333,66820758,0.0,1.0
TSLA,2022-07-27 00:00:00+00:00,824.46,827.7768,785.3701,791.43,29369996,274.82,275.9256,261.7900333333,263.81,88109988,0.0,1.0
TSLA,2022-07-28 00:00:00+00:00,842.7,849.9,818.4,840.2,28240997,280.9,283.3,272.8,280.0666666667,84722991,0.0,1.0
TSLA,2022-07-29 00:00:00+00:00,891.45,894.96,837.3,842.1,31770961,297.15,298.32,279.1,280.7,95312883,0.0,1.0
TSLA,2022-08-01 00:00:00+00:00,891.83,935.6347,885.0,903.825,39014296,297.2766666667,311.8782333333,295.0,301.275,117042888,0.0,1.0
TSLA,2022-08-02 00:00:00+00:00,901.76,923.5,878.0,882.01,31859156,300.5866666667,307.8333333333,292.6666666667,294.0033333333,95577468,0.0,1.0
TSLA,2022-08-03 00:00:00+00:00,922.19,928.65,903.45,915.0,26697035,307.3966666667,309.55,301.15,305.0,80091105,0.0,1.0
TSLA,2022-08-04 00:00:00+00:00,925.9,940.82,915.0,933.0,24085439,308.6333333333,313.6066666667,305.0,311.0,72256317,0.0,1.0
TSLA,2022-08-05 00:00:00+00:00,864.51,913.8199,856.634,908.01,37724299,288.17,304.6066333333,285.5446666667,302.67,113172897,0.0,1.0
TSLA,2022-08-08 00:00:00+00:00,871.27,915.6,867.2562,885.0,33121758,290.4233333333,305.2,289.0854,295.0,99365274,0.0,1.0
TSLA,2022-08-09 00:00:00+00:00,850.0,877.19,838.06,870.88,28748227,283.3333333333,292.3966666667,279.3533333333,290.2933333333,86244681,0.0,1.0
TSLA,2022-08-10 00:00:00+00:00,883.07,892.53,850.11,891.2,31639624,294.3566666667,297.51,283.37,297.0666666667,94918872,0.0,1.0
TSLA,2022-08-11 00:00:00+00:00,859.89,894.71,857.5,889.54,23385015,286.63,298.2366666667,285.8333333333,296.5133333333,70155045,0.0,1.0
TSLA,2022-08-12 00:00:00+00:00,900.09,900.48,855.1,868.245,26552429,300.03,300.16,285.0333333333,289.415,79657287,0.0,1.0
TSLA,2022-08-15 00:00:00+00:00,927.96,939.4,903.69,905.36,29786389,309.32,313.1333333333,301.23,301.7866666667,89359167,0.0,1.0
TSLA,2022-08-16 00:00:00+00:00,919.69,944.0,908.65,935.0,29378774,306.5633333333,314.6666666667,302.8833333333,311.6666666667,88136322,0.0,1.0
TSLA,2022-08-17 00:00:00+00:00,911.99,928.97,900.1,910.19,22921990,303.9966666667,309.6566666667,300.0333333333,303.3966666667,68765970,0.0,1.0
TSLA,2022-08-18 00:00:00+00:00,908.61,919.5,905.56,918.0,15833512,302.87,306.5,301.8533333333,306.0,47500536,0.0,1.0
TSLA,2022-08-19 00:00:00+00:00,890.0,901.08,877.5,897.0,20465129,296.6666666667,300.36,292.5,299.0,61395387,0.0,1.0
TSLA,2022-08-22 00:00:00+00:00,869.74,877.2,858.89,875.74,18614449,289.9133333333,292.4,286.2966666667,291.9133333333,55843347,0.0,1.0
TSLA,2022-08-23 00:00:00+00:00,889.36,896.4799,863.77,874.36,21328348,296.4533333333,298.8266333333,287.9233333333,291.4533333333,63985044,0.0,1.0
TSLA,2022-08-24 00:00:00+00:00,891.29,910.94,889.5,892.69,19086572,297.0966666667,303.6466666667,296.5,297.5633333333,57259716,0.0,1.0
TSLA,2022-08-25 00:00:00+00:00,296.07,302.96,291.6,302.36,52827378,296.07,302.96,291.6,302.36,52827378,0.0,3.0
TSLA,2022-08-26 00:00:00+00:00,288.09,302.0,287.47,297.43,57163947,288.09,302.0,287.47,297.43,57163947,0.0,1.0
TSLA,2022-08-29 00:00:00+00:00,284.82,287.74,280.7,282.83,41548729,284.82,287.74,280.7,282.83,41548729,0.0,1.0
TSLA,2022-08-30 00:00:00+00:00,277.7,288.48,272.65,287.865,50541759,277.7,288.48,272.65,287.865,50541759,0.0,1.0
TSLA,2022-08-31 00:00:00+00:00,275.61,281.25,271.81,280.62,52107337,275.61,281.25,271.81,280.62,52107337,0.0,1.0
TSLA,2022-09-01 00:00:00+00:00,277.16,277.58,266.15,272.575,54287024,277.16,277.58,266.15,272.575,54287024,0.0,1.0
TSLA,2022-09-02 00:00:00+00:00,270.21,282.35,269.08,281.065,50890090,270.21,282.35,269.08,281.065,50890090,0.0,1.0
TSLA,2022-09-06 00:00:00+00:00,274.42,275.99,265.74,272.675,55605247,274.42,275.99,265.74,272.675,55605247,0.0,1.0
TSLA,2022-09-07 00:00:00+00:00,283.7,283.84,272.27,273.1,50028916,283.7,283.84,272.27,273.1,50028916,0.0,1.0
TSLA,2022-09-08 00:00:00+00:00,289.26,289.5,279.76,281.3,53713124,289.26,289.5,279.76,281.3,53713124,0.0,1.0
TSLA,2022-09-09 00:00:00+00:00,299.68,299.85,291.245,291.67,54470854,299.68,299.85,291.245,291.67,54470854,0.0,1.0
TSLA,2022-09-12 00:00:00+00:00,304.42,305.49,300.4,300.72,48674604,304.42,305.49,300.4,300.72,48674604,0.0,1.0
TSLA,2022-09-13 00:00:00+00:00,292.13,297.3999,290.4,292.9,68229619,292.13,297.3999,290.4,292.9,68229619,0.0,1.0
TSLA,2022-09-14 00:00:00+00:00,302.61,306.0,291.64,292.24,72628653,302.61,306.0,291.64,292.24,72628653,0.0,1.0
TSLA,2022-09-15 00:00:00+00:00,303.75,309.12,300.7247,301.825,64795523,303.75,309.12,300.7247,301.825,64795523,0.0,1.0
TSLA,2022-09-16 00:00:00+00:00,303.35,303.71,295.6005,299.605,87087786,303.35,303.71,295.6005,299.605,87087786,0.0,1.0
TSLA,2022-09-19 00:00:00+00:00,309.07,309.84,297.8,300.09,60231156,309.07,309.84,297.8,300.09,60231156,0.0,1.0
TSLA,2022-09-20 00:00:00+00:00,308.73,313.33,305.58,306.91,61642783,308.73,313.33,305.58,306.91,61642783,0.0,1.0
TSLA,2022-09-21 00:00:00+00:00,300.8,313.8,300.63,308.29,62555656,300.8,313.8,300.63,308.29,62555656,0.0,1.0
TSLA,2022-09-22 00:00:00+00:00,288.59,301.29,285.82,299.86,70107683,288.59,301.29,285.82,299.86,70107683,0.0,1.0
TSLA,2022-09-23 00:00:00+00:00,275.33,284.5,272.82,283.09,63748362,275.33,284.5,272.82,283.09,63748362,0.0,1.0
TSLA,2022-09-26 00:00:00+00:00,276.01,284.09,270.31,271.83,58076913,276.01,284.09,270.31,271.83,58076913,0.0,1.0
TSLA,2022-09-27 00:00:00+00:00,282.94,288.67,277.51,283.84,61925185,282.94,288.67,277.51,283.84,61925185,0.0,1.0
TSLA,2022-09-28 00:00:00+00:00,287.81,289.0,277.57,283.08,54664809,287.81,289.0,277.57,283.08,54664809,0.0,1.0
TSLA,2022-09-29 00:00:00+00:00,268.21,283.65,265.78,282.76,77620642,268.21,283.65,265.78,282.76,77620642,0.0,1.0
TSLA,2022-09-30 00:00:00+00:00,265.25,275.57,262.47,266.145,67726598,265.25,275.57,262.47,266.145,67726598,0.0,1.0
TSLA,2022-10-03 00:00:00+00:00,242.4,255.16,241.01,254.5,98363541,242.4,255.16,241.01,254.5,98363541,0.0,1.0
TSLA,2022-10-04 00:00:00+00:00,249.44,257.5,242.01,250.52,109578535,249.44,257.5,242.01,250.52,109578535,0.0,1.0
TSLA,2022-10-05 00:00:00+00:00,240.81,246.6697,233.27,245.01,86982673,240.81,246.6697,233.27,245.01,86982673,0.0,1.0
TSLA,2022-10-06 00:00:00+00:00,238.13,244.58,235.35,239.44,69298437,238.13,244.58,235.35,239.44,69298437,0.0,1.0
TSLA,2022-10-07 00:00:00+00:00,223.07,234.5715,222.02,233.935,83916800,223.07,234.5715,222.02,233.935,83916800,0.0,1.0
TSLA,2022-10-10 00:00:00+00:00,222.96,226.99,218.3582,223.93,67925018,222.96,226.99,218.3582,223.93,67925018,0.0,1.0
TSLA,2022-10-11 00:00:00+00:00,216.5,225.75,215.0,220.945,77013202,216.5,225.75,215.0,220.945,77013202,0.0,1.0
TSLA,2022-10-12 00:00:00+00:00,217.24,219.2999,211.51,215.33,66860699,217.24,219.2999,211.51,215.33,66860699,0.0,1.0
TSLA,2022-10-13 00:00:00+00:00,221.72,222.99,206.22,208.3,91483045,221.72,222.99,206.22,208.3,91483045,0.0,1.0
TSLA,2022-10-14 00:00:00+00:00,204.99,226.26,204.16,224.01,94124511,204.99,226.26,204.16,224.01,94124511,0.0,1.0
TSLA,2022-10-17 00:00:00+00:00,219.35,221.86,209.45,210.04,79428810,219.35,221.86,209.45,210.04,79428810,0.0,1.0
TSLA,2022-10-18 00:00:00+00:00,220.19,229.82,217.25,229.5,75891905,220.19,229.82,217.25,229.5,75891905,0.0,1.0
TSLA,2022-10-19 00:00:00+00:00,222.04,222.93,217.78,219.8,66571479,222.04,222.93,217.78,219.8,66571479,0.0,1.0
TSLA,2022-10-20 00:00:00+00:00,207.28,215.55,202.0,208.28,117798062,207.28,215.55,202.0,208.28,117798062,0.0,1.0
TSLA,2022-10-21 00:00:00+00:00,214.44,214.66,203.8,206.415,75713754,214.44,214.66,203.8,206.415,75713754,0.0,1.0
TSLA,2022-10-24 00:00:00+00:00,211.25,213.5,198.5863,205.82,100446765,211.25,213.5,198.5863,205.82,100446765,0.0,1.0
TSLA,2022-10-25 00:00:00+00:00,222.415,224.3498,210.0,210.1,96507870,222.415,224.3498,210.0,210.1,96507870,0.0,1.0
TSLA,2022-10-26 00:00:00+00:00,224.64,230.6,218.2,219.4,85327078,224.64,230.6,218.2,219.4,85327078,0.0,1.0
TSLA,2022-10-27 00:00:00+00:00,225.09,233.81,222.85,229.77,61638824,225.09,233.81,222.85,229.77,61638824,0.0,1.0
TSLA,2022-10-28 00:00:00+00:00,228.52,228.86,216.35,225.4,69152386,228.52,228.86,216.35,225.4,69152386,0.0,1.0
TSLA,2022-10-31 00:00:00+00:00,227.54,229.85,221.94,226.19,61554341,227.54,229.85,221.94,226.19,61554341,0.0,1.0
TSLA,2022-11-01 00:00:00+00:00,227.82,237.3951,227.28,234.05,62688822,227.82,237.3951,227.28,234.05,62688822,0.0,1.0
TSLA,2022-11-02 00:00:00+00:00,214.98,227.8699,214.82,226.04,63070293,214.98,227.8699,214.82,226.04,63070293,0.0,1.0
TSLA,2022-11-03 00:00:00+00:00,215.31,221.2,210.14,211.36,56538848,215.31,221.2,210.14,211.36,56538848,0.0,1.0
TSLA,2022-11-04 00:00:00+00:00,207.47,223.8,203.08,222.6,98622212,207.47,223.8,203.08,222.6,98622212,0.0,1.0
TSLA,2022-11-07 00:00:00+00:00,197.08,208.9,196.66,208.65,93916520,197.08,208.9,196.66,208.65,93916520,0.0,1.0
TSLA,2022-11-08 00:00:00+00:00,191.3,195.2,186.75,194.02,128803404,191.3,195.2,186.75,194.02,128803404,0.0,1.0
TSLA,2022-11-09 00:00:00+00:00,177.59,195.89,177.12,190.775,127062659,177.59,195.89,177.12,190.775,127062659,0.0,1.0
TSLA,2022-11-10 00:00:00+00:00,190.72,191.0,180.03,189.9,132703015,190.72,191.0,180.03,189.9,132703015,0.0,1.0
TSLA,2022-11-11 00:00:00+00:00,195.97,196.52,182.59,186.0,114403575,195.97,196.52,182.59,186.0,114403575,0.0,1.0
TSLA,2022-11-14 00:00:00+00:00,190.95,195.73,186.34,192.77,92226649,190.95,195.73,186.34,192.77,92226649,0.0,1.0
TSLA,2022-11-15 00:00:00+00:00,194.42,200.8237,192.06,195.88,91293785,194.42,200.8237,192.06,195.88,91293785,0.0,1.0
TSLA,2022-11-16 00:00:00+00:00,186.92,192.57,185.66,191.51,66567599,186.92,192.57,185.66,191.51,66567599,0.0,1.0
TSLA,2022-11-17 00:00:00+00:00,183.17,186.16,180.9,183.96,64335970,183.17,186.16,180.9,183.96,64335970,0.0,1.0
TSLA,2022-11-18 00:00:00+00:00,180.19,185.19,176.55,185.05,76048866,180.19,185.19,176.55,185.05,76048866,0.0,1.0
TSLA,2022-11-21 00:00:00+00:00,167.87,176.77,167.54,175.85,92882712,167.87,176.77,167.54,175.85,92882712,0.0,1.0
TSLA,2022-11-22 00:00:00+00:00,169.91,170.92,166.185,168.63,78452327,169.91,170.92,166.185,168.63,78452327,0.0,1.0
TSLA,2022-11-23 00:00:00+00:00,183.2,183.62,172.5,173.57,109536709,183.2,183.62,172.5,173.57,109536709,0.0,1.0
TSLA,2022-11-25 00:00:00+00:00,182.86,185.2,180.63,185.06,50672739,182.86,185.2,180.63,185.06,50672739,0.0,1.0
TSLA,2022-11-28 00:00:00+00:00,182.92,188.5,179.0,179.96,93038148,182.92,188.5,179.0,179.96,93038148,0.0,1.0
TSLA,2022-11-29 00:00:00+00:00,180.83,186.38,178.75,184.99,83357111,180.83,186.38,178.75,184.99,83357111,0.0,1.0
TSLA,2022-11-30 00:00:00+00:00,194.7,194.76,180.6301,182.43,109186404,194.7,194.76,180.6301,182.43,109186404,0.0,1.0
TSLA,2022-12-01 00:00:00+00:00,194.7,198.92,191.8,197.08,80046213,194.7,198.92,191.8,197.08,80046213,0.0,1.0
TSLA,2022-12-02 00:00:00+00:00,194.86,196.25,191.11,191.78,73645922,194.86,196.25,191.11,191.78,73645922,0.0,1.0
TSLA,2022-12-05 00:00:00+00:00,182.45,191.27,180.55,189.44,93122667,182.45,191.27,180.55,189.44,93122667,0.0,1.0
TSLA,2022-12-06 00:00:00+00:00,179.82,183.65,175.33,181.215,92150823,179.82,183.65,175.33,181.215,92150823,0.0,1.0
TSLA,2022-12-07 00:00:00+00:00,174.04,179.38,172.218,175.03,84213284,174.04,179.38,172.218,175.03,84213284,0.0,1.0
TSLA,2022-12-08 00:00:00+00:00,173.44,175.2,169.06,172.2,97624491,173.44,175.2,169.06,172.2,97624491,0.0,1.0
TSLA,2022-12-09 00:00:00+00:00,179.05,182.5,173.36,173.84,104872336,179.05,182.5,173.36,173.84,104872336,0.0,1.0
TSLA,2022-12-12 00:00:00+00:00,167.82,177.37,167.52,176.1,109794471,167.82,177.37,167.52,176.1,109794471,0.0,1.0
TSLA,2022-12-13 00:00:00+00:00,160.95,175.05,156.91,174.87,175862722,160.95,175.05,156.91,174.87,175862722,0.0,1.0
TSLA,2022-12-14 00:00:00+00:00,156.8,161.62,155.31,159.25,140682338,156.8,161.62,155.31,159.25,140682338,0.0,1.0
TSLA,2022-12-15 00:00:00+00:00,157.67,160.9299,153.28,153.44,122334459,157.67,160.9299,153.28,153.44,122334459,0.0,1.0
TSLA,2022-12-16 00:00:00+00:00,150.23,160.99,150.04,159.635,139032175,150.23,160.99,150.04,159.635,139032175,0.0,1.0
TSLA,2022-12-19 00:00:00+00:00,149.87,155.25,145.82,154.0,139390634,149.87,155.25,145.82,154.0,139390634,0.0,1.0
TSLA,2022-12-20 00:00:00+00:00,137.8,148.47,137.66,146.05,159563267,137.8,148.47,137.66,146.05,159563267,0.0,1.0
TSLA,2022-12-21 00:00:00+00:00,137.57,141.26,135.89,139.335,145417412,137.57,141.26,135.89,139.335,145417412,0.0,1.0
TSLA,2022-12-22 00:00:00+00:00,125.35,136.63,122.26,136.0,210090250,125.35,136.63,122.26,136.0,210090250,0.0,1.0
TSLA,2022-12-23 00:00:00+00:00,123.15,128.6173,121.02,126.37,166989688,123.15,128.6173,121.02,126.37,166989688,0.0,1.0
TSLA,2022-12-27 00:00:00+00:00,109.1,119.67,108.76,117.495,208643444,109.1,119.67,108.76,117.495,208643444,0.0,1.0
TSLA,2022-12-28 00:00:00+00:00,112.71,116.27,108.24,110.35,221070537,112.71,116.27,108.24,110.35,221070537,0.0,1.0
TSLA,2022-12-29 00:00:00+00:00,121.82,123.57,117.495,120.385,221923313,121.82,123.57,117.495,120.385,221923313,0.0,1.0
TSLA,2022-12-30 00:00:00+00:00,123.18,124.48,119.75,119.95,157777339,123.18,124.48,119.75,119.95,157777339,0.0,1.0
TSLA,2023-01-03 00:00:00+00:00,108.1,118.8,104.64,118.47,231402818,108.1,118.8,104.64,118.47,231402818,0.0,1.0
TSLA,2023-01-04 00:00:00+00:00,113.64,114.59,107.52,109.11,180388976,113.64,114.59,107.52,109.11,180388976,0.0,1.0
TSLA,2023-01-05 00:00:00+00:00,110.34,111.75,107.1601,110.51,157986324,110.34,111.75,107.1601,110.51,157986324,0.0,1.0
TSLA,2023-01-06 00:00:00+00:00,113.06,114.39,101.81,103.0,220911051,113.06,114.39,101.81,103.0,220911051,0.0,1.0
TSLA,2023-01-09 00:00:00+00:00,119.77,123.52,117.11,118.96,190283951,119.77,123.52,117.11,118.96,190283951,0.0,1.0
TSLA,2023-01-10 00:00:00+00:00,118.85,122.76,114.92,121.07,167642485,118.85,122.76,114.92,121.07,167642485,0.0,1.0
TSLA,2023-01-11 00:00:00+00:00,123.22,125.95,120.51,122.09,183810771,123.22,125.95,120.51,122.09,183810771,0.0,1.0
TSLA,2023-01-12 00:00:00+00:00,123.56,124.1311,117.0,122.56,169400913,123.56,124.1311,117.0,122.56,169400913,0.0,1.0
TSLA,2023-01-13 00:00:00+00:00,122.4,122.63,115.6,116.55,180714119,122.4,122.63,115.6,116.55,180714119,0.0,1.0
TSLA,2023-01-17 00:00:00+00:00,131.49,131.7,125.02,125.695,186476985,131.49,131.7,125.02,125.695,186476985,0.0,1.0
TSLA,2023-01-18 00:00:00+00:00,128.78,136.68,127.01,136.555,195680318,128.78,136.68,127.01,136.555,195680318,0.0,1.0
TSLA,2023-01-19 00:00:00+00:00,127.17,129.99,124.3082,127.26,170291880,127.17,129.99,124.3082,127.26,170291880,0.0,1.0
TSLA,2023-01-20 00:00:00+00:00,133.42,133.51,127.3466,128.68,138858136,133.42,133.51,127.3466,128.68,138858136,0.0,1.0
TSLA,2023-01-23 00:00:00+00:00,143.75,145.3793,134.27,135.87,203119211,143.75,145.3793,134.27,135.87,203119211,0.0,1.0
TSLA,2023-01-24 00:00:00+00:00,143.89,146.5,141.1,143.0,158699056,143.89,146.5,141.1,143.0,158699056,0.0,1.0
TSLA,2023-01-25 00:00:00+00:00,144.43,146.41,138.07,141.905,192734347,144.43,146.41,138.07,141.905,192734347,0.0,1.0
TSLA,2023-01-26 00:00:00+00:00,160.27,161.42,154.76,159.965,234815090,160.27,161.42,154.76,159.965,234815090,0.0,1.0
TSLA,2023-01-27 00:00:00+00:00,177.9,180.68,161.17,162.43,306590613,177.9,180.68,161.17,162.43,306590613,0.0,1.0
TSLA,2023-01-30 00:00:00+00:00,166.66,179.77,166.5,178.05,230878807,166.66,179.77,166.5,178.05,230878807,0.0,1.0
TSLA,2023-01-31 00:00:00+00:00,173.22,174.3,162.78,164.57,196813541,173.22,174.3,162.78,164.57,196813541,0.0,1.0
TSLA,2023-02-01 00:00:00+00:00,181.41,183.805,169.93,173.89,213806323,181.41,183.805,169.93,173.89,213806323,0.0,1.0
TSLA,2023-02-02 00:00:00+00:00,188.27,196.7501,182.61,187.325,217448287,188.27,196.7501,182.61,187.325,217448287,0.0,1.0
TSLA,2023-02-03 00:00:00+00:00,189.98,199.0,183.69,183.95,232662023,189.98,199.0,183.69,183.95,232662023,0.0,1.0
TSLA,2023-02-06 00:00:00+00:00,194.76,198.17,189.92,193.01,186188131,194.76,198.17,189.92,193.01,186188131,0.0,1.0
TSLA,2023-02-07 00:00:00+00:00,196.81,197.5,189.55,196.43,186010325,196.81,197.5,189.55,196.43,186010325,0.0,1.0
TSLA,2023-02-08 00:00:00+00:00,201.29,203.0,194.31,196.1,180673644,201.29,203.0,194.31,196.1,180673644,0.0,1.0
TSLA,2023-02-09 00:00:00+00:00,207.32,214.0,204.77,207.775,215431442,207.32,214.0,204.77,207.775,215431442,0.0,1.0
TSLA,2023-02-10 00:00:00+00:00,196.89,206.2,192.89,202.225,204754129,196.89,206.2,192.89,202.225,204754129,0.0,1.0
TSLA,2023-02-13 00:00:00+00:00,194.64,196.3,187.61,194.415,172475452,194.64,196.3,187.61,194.415,172475452,0.0,1.0
TSLA,2023-02-14 00:00:00+00:00,209.25,209.82,189.44,191.94,216455708,209.25,209.82,189.44,191.94,216455708,0.0,1.0
TSLA,2023-02-15 00:00:00+00:00,214.24,214.66,206.11,211.755,182108581,214.24,214.66,206.11,211.755,182108581,0.0,1.0
TSLA,2023-02-16 00:00:00+00:00,202.04,217.65,201.84,210.78,229586538,202.04,217.65,201.84,210.78,229586538,0.0,1.0
TSLA,2023-02-17 00:00:00+00:00,208.31,208.44,197.5,199.985,213738549,208.31,208.44,197.5,199.985,213738549,0.0,1.0
TSLA,2023-02-21 00:00:00+00:00,197.37,209.71,197.22,204.99,180018588,197.37,209.71,197.22,204.99,180018588,0.0,1.0
TSLA,2023-02-22 00:00:00+00:00,200.86,201.99,191.78,197.93,191828457,200.86,201.99,191.78,197.93,191828457,0.0,1.0
TSLA,2023-02-23 00:00:00+00:00,202.07,205.14,196.33,203.91,146359950,202.07,205.14,196.33,203.91,146359950,0.0,1.0
TSLA,2023-02-24 00:00:00+00:00,196.88,197.6695,192.8,196.325,142228105,196.88,197.6695,192.8,196.325,142228105,0.0,1.0
TSLA,2023-02-27 00:00:00+00:00,207.63,209.42,201.26,202.03,161028315,207.63,209.42,201.26,202.03,161028315,0.0,1.0
TSLA,2023-02-28 00:00:00+00:00,205.71,211.23,203.75,210.59,153144912,205.71,211.23,203.75,210.59,153144912,0.0,1.0
TSLA,2023-03-01 00:00:00+00:00,202.77,207.2,198.52,206.21,156852790,202.77,207.2,198.52,206.21,156852790,0.0,1.0
TSLA,2023-03-02 00:00:00+00:00,190.9,193.7499,186.01,186.74,181979154,190.9,193.7499,186.01,186.74,181979154,0.0,1.0
TSLA,2023-03-03 00:00:00+00:00,197.79,200.48,192.88,194.795,154193277,197.79,200.48,192.88,194.795,154193277,0.0,1.0
TSLA,2023-03-06 00:00:00+00:00,193.81,198.6,192.3,198.54,128100106,193.81,198.6,192.3,198.54,128100106,0.0,1.0
TSLA,2023-03-07 00:00:00+00:00,187.71,194.2,186.1,191.38,148125790,187.71,194.2,186.1,191.38,148125790,0.0,1.0
TSLA,2023-03-08 00:00:00+00:00,182.0,186.5,180.0,185.04,151897763,182.0,186.5,180.0,185.04,151897763,0.0,1.0
TSLA,2023-03-09 00:00:00+00:00,172.92,185.18,172.5124,180.25,170023794,172.92,185.18,172.5124,180.25,170023794,0.0,1.0
TSLA,2023-03-10 00:00:00+00:00,173.44,178.29,168.44,175.13,191488872,173.44,178.29,168.44,175.13,191488872,0.0,1.0
TSLA,2023-03-13 00:00:00+00:00,174.48,177.35,163.91,167.455,167790256,174.48,177.35,163.91,167.455,167790256,0.0,1.0
TSLA,2023-03-14 00:00:00+00:00,183.26,183.8,177.1401,177.31,143717897,183.26,183.8,177.1401,177.31,143717897,0.0,1.0
TSLA,2023-03-15 00:00:00+00:00,180.45,182.34,176.03,180.8,145995583,180.45,182.34,176.03,180.8,145995583,0.0,1.0
TSLA,2023-03-16 00:00:00+00:00,184.13,185.81,178.84,180.365,121374453,184.13,185.81,178.84,180.365,121374453,0.0,1.0
TSLA,2023-03-17 00:00:00+00:00,180.13,186.2199,177.33,184.515,133197140,180.13,186.2199,177.33,184.515,133197140,0.0,1.0
TSLA,2023-03-20 00:00:00+00:00,183.25,186.44,176.35,178.08,129684359,183.25,186.44,176.35,178.08,129684359,0.0,1.0
TSLA,2023-03-21 00:00:00+00:00,197.58,198.0,188.04,188.28,153391444,197.58,198.0,188.04,188.28,153391444,0.0,1.0
TSLA,2023-03-22 00:00:00+00:00,191.15,200.66,190.95,199.3,150376373,191.15,200.66,190.95,199.3,150376373,0.0,1.0
TSLA,2023-03-23 00:00:00+00:00,192.22,199.31,188.65,195.26,144193876,192.22,199.31,188.65,195.26,144193876,0.0,1.0
TSLA,2023-03-24 00:00:00+00:00,190.41,192.36,187.15,191.65,116531584,190.41,192.36,187.15,191.65,116531584,0.0,1.0
TSLA,2023-03-27 00:00:00+00:00,191.81,197.39,189.94,194.415,120851587,191.81,197.39,189.94,194.415,120851587,0.0,1.0
TSLA,2023-03-28 00:00:00+00:00,189.19,192.35,185.43,192.0,98654635,189.19,192.35,185.43,192.0,98654635,0.0,1.0
TSLA,2023-03-29 00:00:00+00:00,193.88,195.29,189.44,193.13,123660026,193.88,195.29,189.44,193.13,123660026,0.0,1.0
TSLA,2023-03-30 00:00:00+00:00,195.28,197.33,194.42,195.58,110252238,195.28,197.33,194.42,195.58,110252238,0.0,1.0
TSLA,2023-03-31 00:00:00+00:00,207.46,207.79,197.2,197.53,170222118,207.46,207.79,197.2,197.53,170222118,0.0,1.0
TSLA,2023-04-03 00:00:00+00:00,194.77,202.6897,192.2,199.91,169545900,194.77,202.6897,192.2,199.91,169545900,0.0,1.0
TSLA,2023-04-04 00:00:00+00:00,192.58,198.7446,190.32,197.32,126463845,192.58,198.7446,190.32,197.32,126463845,0.0,1.0
TSLA,2023-04-05 00:00:00+00:00,185.52,190.68,183.76,190.515,133882493,185.52,190.68,183.76,190.515,133882493,0.0,1.0
TSLA,2023-04-06 00:00:00+00:00,185.06,186.39,179.74,183.08,123857932,185.06,186.39,179.74,183.08,123857932,0.0,1.0
TSLA,2023-04-10 00:00:00+00:00,184.51,185.1,176.11,179.94,142154637,184.51,185.1,176.11,179.94,142154637,0.0,1.0
TSLA,2023-04-11 00:00:00+00:00,186.79,189.19,185.6475,186.69,115770892,186.79,189.19,185.6475,186.69,115770892,0.0,1.0
TSLA,2023-04-12 00:00:00+00:00,180.54,191.5846,180.31,190.74,150256278,180.54,191.5846,180.31,190.74,150256278,0.0,1.0
TSLA,2023-04-13 00:00:00+00:00,185.9,186.5,180.94,182.955,112932985,185.9,186.5,180.94,182.955,112932985,0.0,1.0
TSLA,2023-04-14 00:00:00+00:00,185.0,186.28,182.01,183.95,96438664,185.0,186.28,182.01,183.95,96438664,0.0,1.0
TSLA,2023-04-17 00:00:00+00:00,187.04,189.69,182.69,186.32,116177121,187.04,189.69,182.69,186.32,116177121,0.0,1.0
TSLA,2023-04-18 00:00:00+00:00,184.31,187.69,183.5775,187.15,92067016,184.31,187.69,183.5775,187.15,92067016,0.0,1.0
TSLA,2023-04-19 00:00:00+00:00,180.59,183.5,177.65,179.1,125732687,180.59,183.5,177.65,179.1,125732687,0.0,1.0
TSLA,2023-04-20 00:00:00+00:00,162.99,169.7,160.56,166.165,210970819,162.99,169.7,160.56,166.165,210970819,0.0,1.0
TSLA,2023-04-21 00:00:00+00:00,165.08,166.0,161.3208,164.8,123538954,165.08,166.0,161.3208,164.8,123538954,0.0,1.0
TSLA,2023-04-24 00:00:00+00:00,162.55,165.65,158.61,164.65,140006559,162.55,165.65,158.61,164.65,140006559,0.0,1.0
TSLA,2023-04-25 00:00:00+00:00,160.67,163.47,158.75,159.82,121999312,160.67,163.47,158.75,159.82,121999312,0.0,1.0
TSLA,2023-04-26 00:00:00+00:00,153.75,160.67,153.14,160.29,152247096,153.75,160.67,153.14,160.29,152247096,0.0,1.0
TSLA,2023-04-27 00:00:00+00:00,160.19,160.48,152.37,152.64,127015177,160.19,160.48,152.37,152.64,127015177,0.0,1.0
TSLA,2023-04-28 00:00:00+00:00,164.31,165.0,157.32,160.9,122515812,164.31,165.0,157.32,160.9,122515812,0.0,1.0
TSLA,2023-05-01 00:00:00+00:00,161.83,163.28,158.83,163.17,109015048,161.83,163.28,158.83,163.17,109015048,0.0,1.0
TSLA,2023-05-02 00:00:00+00:00,160.31,165.49,158.93,161.88,128259744,160.31,165.49,158.93,161.88,128259744,0.0,1.0
TSLA,2023-05-03 00:00:00+00:00,160.61,165.0,159.91,160.01,119727972,160.61,165.0,159.91,160.01,119727972,0.0,1.0
TSLA,2023-05-04 00:00:00+00:00,161.2,162.95,159.65,162.71,95108492,161.2,162.95,159.65,162.71,95108492,0.0,1.0
TSLA,2023-05-05 00:00:00+00:00,170.06,170.7899,163.51,163.97,107607259,170.06,170.7899,163.51,163.97,107607259,0.0,1.0
TSLA,2023-05-08 00:00:00+00:00,171.79,173.8,169.19,173.72,112249449,171.79,173.8,169.19,173.72,112249449,0.0,1.0
TSLA,2023-05-09 00:00:00+00:00,169.15,169.82,166.56,168.95,88965043,169.15,169.82,166.56,168.95,88965043,0.0,1.0
TSLA,2023-05-10 00:00:00+00:00,168.54,174.43,166.68,172.55,119840693,168.54,174.43,166.68,172.55,119840693,0.0,1.0
TSLA,2023-05-11 00:00:00+00:00,172.08,173.57,166.79,168.7,103889930,172.08,173.57,166.79,168.7,103889930,0.0,1.0
TSLA,2023-05-12 00:00:00+00:00,167.98,177.38,167.23,176.07,157849625,167.98,177.38,167.23,176.07,157849625,0.0,1.0
TSLA,2023-05-15 00:00:00+00:00,166.35,169.76,164.5499,167.655,105592510,166.35,169.76,164.5499,167.655,105592510,0.0,1.0
TSLA,2023-05-16 00:00:00+00:00,166.52,169.5184,164.35,165.65,98288792,166.52,169.5184,164.35,165.65,98288792,0.0,1.0
TSLA,2023-05-17 00:00:00+00:00,173.86,174.5,167.185,168.41,125473558,173.86,174.5,167.185,168.41,125473558,0.0,1.0
TSLA,2023-05-18 00:00:00+00:00,176.89,177.06,172.45,174.22,109520332,176.89,177.06,172.45,174.22,109520332,0.0,1.0
TSLA,2023-05-19 00:00:00+00:00,180.14,181.95,176.31,177.17,136196668,180.14,181.95,176.31,177.17,136196668,0.0,1.0
TSLA,2023-05-22 00:00:00+00:00,188.87,189.32,180.11,180.7,132001430,188.87,189.32,180.11,180.7,132001430,0.0,1.0
TSLA,2023-05-23 00:00:00+00:00,185.77,192.96,185.26,186.2,156952130,185.77,192.96,185.26,186.2,156952130,0.0,1.0
TSLA,2023-05-24 00:00:00+00:00,182.9,184.22,178.22,182.23,137605054,182.9,184.22,178.22,182.23,137605054,0.0,1.0
TSLA,2023-05-25 00:00:00+00:00,184.47,186.78,180.58,186.54,96870719,184.47,186.78,180.58,186.54,96870719,0.0,1.0
TSLA,2023-05-26 00:00:00+00:00,193.17,198.6,184.53,184.62,162061496,193.17,198.6,184.53,184.62,162061496,0.0,1.0
TSLA,2023-05-30 00:00:00+00:00,201.16,204.48,197.53,200.1,128818746,201.16,204.48,197.53,200.1,128818746,0.0,1.0
TSLA,2023-05-31 00:00:00+00:00,203.93,203.95,195.12,199.78,149356274,203.93,203.95,195.12,199.78,149356274,0.0,1.0
TSLA,2023-06-01 00:00:00+00:00,207.52,209.8,199.37,202.59,148029931,207.52,209.8,199.37,202.59,148029931,0.0,1.0
TSLA,2023-06-02 00:00:00+00:00,213.97,217.25,209.752,210.15,164398372,213.97,217.25,209.752,210.15,164398372,0.0,1.0
TSLA,2023-06-05 00:00:00+00:00,217.61,221.29,214.52,217.8,151143052,217.61,221.29,214.52,217.8,151143052,0.0,1.0
TSLA,2023-06-06 00:00:00+00:00,221.31,221.91,212.53,216.14,146911576,221.31,221.91,212.53,216.14,146911576,0.0,1.0
TSLA,2023-06-07 00:00:00+00:00,224.57,230.8296,223.2,228.0,185710777,224.57,230.8296,223.2,228.0,185710777,0.0,1.0
TSLA,2023-06-08 00:00:00+00:00,234.86,235.23,223.01,224.22,164489739,234.86,235.23,223.01,224.22,164489739,0.0,1.0
TSLA,2023-06-09 00:00:00+00:00,244.4,252.42,242.02,249.07,200242371,244.4,252.42,242.02,249.07,200242371,0.0,1.0
TSLA,2023-06-12 00:00:00+00:00,249.83,250.97,244.59,247.94,150740523,249.83,250.97,244.59,247.94,150740523,0.0,1.0
TSLA,2023-06-13 00:00:00+00:00,258.71,259.68,251.34,253.51,162384343,258.71,259.68,251.34,253.51,162384343,0.0,1.0
TSLA,2023-06-14 00:00:00+00:00,256.79,261.57,250.5,260.17,170575536,256.79,261.57,250.5,260.17,170575536,0.0,1.0
TSLA,2023-06-15 00:00:00+00:00,255.9,258.95,247.29,248.4,160171238,255.9,258.95,247.29,248.4,160171238,0.0,1.0
TSLA,2023-06-16 00:00:00+00:00,260.54,263.6,257.2091,258.92,167915649,260.54,263.6,257.2091,258.92,167915649,0.0,1.0
TSLA,2023-06-20 00:00:00+00:00,274.45,274.75,261.12,261.5,165611217,274.45,274.75,261.12,261.5,165611217,0.0,1.0
TSLA,2023-06-21 00:00:00+00:00,259.46,276.99,257.78,275.13,211797109,259.46,276.99,257.78,275.13,211797109,0.0,1.0
TSLA,2023-06-22 00:00:00+00:00,264.61,265.0,248.25,250.77,166875944,264.61,265.0,248.25,250.77,166875944,0.0,1.0
TSLA,2023-06-23 00:00:00+00:00,256.6,262.45,252.8,259.29,177460803,256.6,262.45,252.8,259.29,177460803,0.0,1.0
TSLA,2023-06-26 00:00:00+00:00,241.05,258.37,240.7,250.065,179990552,241.05,258.37,240.7,250.065,179990552,0.0,1.0
TSLA,2023-06-27 00:00:00+00:00,250.21,250.3899,240.85,243.24,164968214,250.21,250.3899,240.85,243.24,164968214,0.0,1.0
TSLA,2023-06-28 00:00:00+00:00,256.24,259.88,248.89,249.7,159770797,256.24,259.88,248.89,249.7,159770797,0.0,1.0
TSLA,2023-06-29 00:00:00+00:00,257.5,260.74,253.61,258.03,131283360,257.5,260.74,253.61,258.03,131283360,0.0,1.0
TSLA,2023-06-30 00:00:00+00:00,261.77,264.45,259.89,260.6,112620784,261.77,264.45,259.89,260.6,112620784,0.0,1.0
